,Company,Experience,Location,Title
0,Wipro Limited,5-8 years,Chennai,Tech Lead  Core Java
1,Wipro Limited,3-5 years,Chennai,Developer  Core Java
2,Wipro Limited,3-5 years,Chennai,Developer  Core Java
3,Wipro Limited,3-5 years,Chennai,Developer  Core Java
4,Wipro Limited,3-5 years,Chennai,Developer  Core Java
5,Wipro Limited,3-5 years,Chennai,Developer  Core Java
6,Vertical Management Consultancy,3-6 years,Chennai,Core Java / Advanced  JAVA /  J2EE Developer openings in Chennai
7,Confidential,0-5 years,"Chennai, Visakhapatnam",Java Developer & Asp.Net walk in Interview
8,Roljobs Technology Services Private Limited,3-5 years,Chennai,Java Developer
9,Data Software Research Company Private Limited,4-7 years,Chennai,Java Professioanls!!!!
10,Infosys BPM Limited,2-4 years,Chennai,Java Developer
11,2COMS Consulting Private Limited,3-8 years,Chennai,"Core Java Developer with Multithreading, collections, OOPS for Chennai"
12,Wipro Limited,5-8 years,Chennai,Tech Lead  Core Java
13,HR Addons,4-7 years,Chennai,Java Developer
14,Cloud Axis Technologies,0-0 years,Chennai,Java Developer
15,SP Staffing Services Private Limited,3-6 years,Chennai,We are having an opening for  Java Developer and DotNet Developer in MNC company.
16,Perficient India,4-12 years,Chennai,Senior  Java Developer
17,People Prime Worldwide Private Limited,5-10 years,"Mumbai, Chennai",Immediate Opening at BA Continuum
18,Comfyi Solution,0-1 years,Chennai,Core Java Developer
19,Wilmer Software Solutions Private Limited,5-10 years,"Chennai, Pune",Java /  J2ee with 5+ years of experience at Chennai location Notice period: 10-15 days
20,Capgemini Technology Services India Limited,4-10 years,Chennai,Walk-in Interview -  Java Developer - Capgemini Chennai on 16th June 2018
21,Infiniminds Private Limited,,,J2Ee Developer
22,Datamatics Global Services Limited,5-8 years,"Chennai, Mumbai",Excellent opportunity with Datamatics for Senior  Java Developer position
23,True Tech Solutions,3-7 years,Chennai,Core Java Developer :: Guindy location
24,Vertical Management Consultancy,2-6 years,Chennai,JAVA /  J2EE /  Core JAVA / Advanced  JAVA Production and Application Support
25,Stg Infotech India LLP,4-9 years,Chennai,Openings with STG For  Java with Spring Professionals
26,Infiniminds Private Limited,,,J2Ee Developer
27,Crown Solutions India Private Limited,3-4 years,Chennai,Java Developer
28,Larsen & Toubro Infotech  Ltd.,3-7 years,Chennai,Opening for  Java developer@Chennai
29,savan Sudesh Babu (Proprietor Of Job Store Consulting),,,SENIOR  JAVA DEVELOPER
30,Anlage Infotech India Private Limited,5-8 years,"Chennai, Mumbai",Senior  Java Developer
31,Infiniminds Private Limited,,,J2EE Lead
32,VGB IT Solutions,0-8 years,"Chennai, Mumbai",Java /  J2ee- Developers / team lead / Architect
33,2COMS Consulting Private Limited,3-8 years,Chennai,Java Development Professionals
34,Software Data India Limited,4-8 years,Chennai,Java Developer (front end Development)
35,Crown Solutions India Private Limited,3-8 years,Chennai,Excillent Opportunity for  Java Developer C2H Position F2F on 9th
36,IQura Technologies Private Limited,3-9 years,Chennai,""" Core Java Developer"""
37,Savvyan Technologies Private Limited,5-7 years,Chennai,Java Developer
38,Wipro Limited,5-8 years,Chennai,Tech Lead  Core Java
39,Wipro Limited,3-5 years,Chennai,Developer  Core Java
40,Wipro Limited,3-5 years,Chennai,Developer  Core Java
41,Wipro Limited,3-5 years,Chennai,Developer  Core Java
42,Wipro Limited,3-5 years,Chennai,Developer  Core Java
43,Wipro Limited,3-5 years,Chennai,Developer  Core Java
44,Vertical Management Consultancy,3-6 years,Chennai,Core Java / Advanced  JAVA /  J2EE Developer openings in Chennai
45,Confidential,0-5 years,"Chennai, Visakhapatnam",Java Developer & Asp.Net walk in Interview
46,Roljobs Technology Services Private Limited,3-5 years,Chennai,Java Developer
47,Data Software Research Company Private Limited,4-7 years,Chennai,Java Professioanls!!!!
48,Infosys BPM Limited,2-4 years,Chennai,Java Developer
49,2COMS Consulting Private Limited,3-8 years,Chennai,"Core Java Developer with Multithreading, collections, OOPS for Chennai"
50,Wipro Limited,5-8 years,Chennai,Tech Lead  Core Java
51,HR Addons,4-7 years,Chennai,Java Developer
52,Cloud Axis Technologies,0-0 years,Chennai,Java Developer
53,SP Staffing Services Private Limited,3-6 years,Chennai,We are having an opening for  Java Developer and DotNet Developer in MNC company.
54,Perficient India,4-12 years,Chennai,Senior  Java Developer
55,People Prime Worldwide Private Limited,5-10 years,"Mumbai, Chennai",Immediate Opening at BA Continuum
56,Comfyi Solution,0-1 years,Chennai,Core Java Developer
57,Wilmer Software Solutions Private Limited,5-10 years,"Chennai, Pune",Java /  J2ee with 5+ years of experience at Chennai location Notice period: 10-15 days
58,Capgemini Technology Services India Limited,4-10 years,Chennai,Walk-in Interview -  Java Developer - Capgemini Chennai on 16th June 2018
59,Infiniminds Private Limited,,,J2Ee Developer
60,Datamatics Global Services Limited,5-8 years,"Chennai, Mumbai",Excellent opportunity with Datamatics for Senior  Java Developer position
61,True Tech Solutions,3-7 years,Chennai,Core Java Developer :: Guindy location
62,Vertical Management Consultancy,2-6 years,Chennai,JAVA /  J2EE /  Core JAVA / Advanced  JAVA Production and Application Support
63,Stg Infotech India LLP,4-9 years,Chennai,Openings with STG For  Java with Spring Professionals
64,Infiniminds Private Limited,,,J2Ee Developer
65,Crown Solutions India Private Limited,3-4 years,Chennai,Java Developer
66,Larsen & Toubro Infotech  Ltd.,3-7 years,Chennai,Opening for  Java developer@Chennai
67,savan Sudesh Babu (Proprietor Of Job Store Consulting),,,SENIOR  JAVA DEVELOPER
68,Anlage Infotech India Private Limited,5-8 years,"Chennai, Mumbai",Senior  Java Developer
69,Infiniminds Private Limited,,,J2EE Lead
70,VGB IT Solutions,0-8 years,"Chennai, Mumbai",Java /  J2ee- Developers / team lead / Architect
71,2COMS Consulting Private Limited,3-8 years,Chennai,Java Development Professionals
72,Software Data India Limited,4-8 years,Chennai,Java Developer (front end Development)
73,Crown Solutions India Private Limited,3-8 years,Chennai,Excillent Opportunity for  Java Developer C2H Position F2F on 9th
74,IQura Technologies Private Limited,3-9 years,Chennai,""" Core Java Developer"""
75,Savvyan Technologies Private Limited,5-7 years,Chennai,Java Developer
76,Saaki Argus And Averil Consulting,4-9 years,"Bengaluru / Bangalore, Chennai",Engineer Software Development
77,Larsen & Toubro Infotech  Ltd.,3-9 years,"Bengaluru / Bangalore, Chennai","Schedule drive for  Java Professionals - ReactJS / Node JS, Python, Java / spring / Hibernate On 9 June 2018 @ Larsen and Toubro Infotech"
78,Confidential,0-5 years,"Chennai, Lucknow",Java Developer & Asp.Net walk in Interview
79,Aadvi Tech Solutions Private Limited,4-5 years,Chennai,Core Java Developer
80,Crown Solutions India Private Limited,2-7 years,Chennai,Job Opportunity for  Java Develoeper @ Chennai C2H Position
81,Gembrill Technologies India Private Limited,2-5 years,Chennai,Java Developer - Night Shift - Production support
82,CBSI India Private Limited,2-5 years,Chennai,Java /  J2EE Developer opening for Chennai Location_Should join in 15 days_fake candidates dont apply
83,Enlighted Energy Systems Private Limited,3-5 years,Chennai,SOFTWARE DEVELOPER /  JAVA DEVELOPER /  JAVA PROGRAMMER (  JAVA /  J2EE / SPRING /  CORE JAVA)
84,Centraprise IT Solutions Private Limited,7-12 years,"Bengaluru / Bangalore, Chennai",we are looking for Technology Stack _C2H_Mnc_Bangalore / Chennai
85,2COMS Consulting Private Limited,3-8 years,Chennai,Java Developer / Sr. Developer with Spring Boot and AngularJS
86,2COMS Consulting Private Limited,3-5 years,Chennai,Java Developer
87,Cloud Axis Technologies,0-1 years,Chennai,Java Developer
88,Ooyala India Private Limited,4-9 years,Chennai,Senior Software Engineer ( Java) - Media Logistics & Platform
89,SummitWorks Technologies Private Limited,5-10 years,Chennai,Ext.js
90,Avis Consultancy,4-10 years,Chennai,Java Spring Hibernate
91,Unihunt Consulting Private Limited,3-6 years,"India, Chennai",ReactJS & Javascript Professional
92,Unihunt Consulting Private Limited,3-7 years,"India, Chennai",ReactJS Developer
93,Magna Infotech Limited,3-13 years,Chennai,Java Developer
94,iQuest Management Consultants Private Limited,10-15 years,Chennai,Required  Java Technical Project Manager for Chennai Location
95,Magna Infotech Limited,4-10 years,Chennai,Java Developer job openings c2h mode22June interview
96,GAVS Technologies Private Limited,7-9 years,Chennai,JAVA
97,Magna Infotech Limited,4-10 years,Chennai,Java Developer job openings c2h mode chennai F2F interview 22 June
98,Data Software Research Company Private Limited,2-4 years,Chennai,Walk In for  Java Professionals
99,Cloudzen Technologies,0-5 years,Chennai,Java /  J2ee developers needed for a MNC located @ chennai
100,Eteam Info Services Private Limited,4-9 years,"Bengaluru / Bangalore, Chennai",Senior  Java Developer
101,iQuest Management Consultants Private Limited,4-8 years,"Bengaluru / Bangalore, Chennai",Hybris Developer
102,Pathfinder Management Consulting (India) Ltd,2-9 years,Chennai,JAVA for Chennai location
103,Tech Mahindra Limited,4-10 years,"Bengaluru / Bangalore, Chennai",Java / JSF Developer
104,Augusta Infotech,12-15 years,"Thiruvananthapuram / Trivandrum, Chennai",Senior Architect -  Java-  J2EE- Cloud
105,Augusta Infotech,12-15 years,"Thiruvananthapuram / Trivandrum, Chennai","Senior Architect -  Java, J2EE, Cloud"
106,Augusta Infotech,12-15 years,"Thiruvananthapuram / Trivandrum, Chennai","Senior Architect -  Java, J2EE"
107,Smartbridge Resources,3-4 years,Chennai,Senior  Java Developer
108,Wipro Limited,5-8 years,Chennai,Tech Lead - Application Modernization
109,Wipro Limited,3-5 years,Chennai,Developer - Application Modernization
110,Wipro Limited,5-8 years,Chennai,Tech Lead - Application Modernization
111,Wipro Limited,5-8 years,Chennai,Project Manager Big Data Analytics
112,Stg Infotech India LLP,4-9 years,Chennai,STG Infotech Invites  Java /  J2ee Professionals
113,Wipro Limited,5-8 years,Chennai,Tech Lead - Application Modernization
114,Wipro Limited,5-8 years,Chennai,Tech Lead - Application Modernization
115,Confidential,0-0 years,Chennai,Software Trainee
116,VDart Software Services Private Limited,7-13 years,Chennai,Technical Lead Technical Leader
117,Unihunt Consulting Private Limited,4-8 years,"India, Chennai",Technical Lead - iOS
118,BR Raysoft Global Private Limited,5-10 years,Chennai,"Prasanthi / we have an immediate opening for ""Software developer"" For, Pmt, Chennai Location"
119,VGB IT Solutions,0-6 years,"Bengaluru / Bangalore, Chennai","C++, vC++, JAVA, J2EE, .Net, PHP, TESTING"
120,Linkz Consultantz,2-4 years,Chennai,Java Developer
121,Linkz Consultantz,6-8 years,Chennai,Senior  Java Developer
122,Arowana Consulting,9-16 years,Chennai,Product Manager
123,People Prime Worldwide Private Limited,3-8 years,"Hyderabad / Secunderabad, Chennai",Urgent Requirement for  JAVA JSF
124,Samridha Groups,5-10 years,Chennai,Java Developer  Core Java
125,FIIT Formacion Private Limited,0-1 years,Chennai,Exclusive Opening for Freshers in Software field
126,Innova Solutions Private Limited,2-5 years,Chennai,Java Back end Developer
127,Tech Mahindra Limited,4-10 years,"Bengaluru / Bangalore, Chennai",Java / JSF Developer
128,FIS Global Business Solutions India Private Limited,4-6 years,Chennai,"Java Developer Walk-in Drive : 23rd June, 18 Saturday @ FIS Global - Guindy"
129,Innova Solutions Private Limited,2-5 years,Chennai,Immediate Opening ||  Java Back End Developer || Chennai
130,Innova Solutions Private Limited,8-18 years,Chennai,Immediate Opening ||  Java Lead || Chennai
131,Data Software Research Company Private Limited,2-4 years,Chennai,Excellent Opening for  JAVA Developers
132,2COMS Consulting Private Limited,5-10 years,"Bengaluru / Bangalore, Chennai",Technical Specialist -  Java with Spring Boot and Cloud
133,Compass Consultancy,5-8 years,Chennai,"Urgent Opening for React.Js, Java, Java spring, Angular JS"
134,Scoop Technologies Private Limited,4-7 years,Chennai,Java Developer
135,Comfyi Solution,2-7 years,Chennai,Java /  J2ee Developer (2+)
136,Wipro Limited,3-5 years,Chennai,Developer  Java J2EE
137,Renovision Automation Services Private Limited,5-10 years,Chennai,Java Developer /  Java Engineer
138,Crown Solutions India Private Limited,4-9 years,Chennai,Java Developer
139,Srinivasan Software Solutions Private Limited,3-5 years,Chennai,Java Developer  Java
140,Narnia Soft,2-4 years,Chennai,Java + Splunk Developer
141,Athena Consultancy Services,,Chennai,SA -  Java
142,SP Staffing Services Private Limited,2-5 years,Chennai,We are having an opening for Production Support in leading MNC Company in Chennai.
143,SP Staffing Services Private Limited,3-6 years,Chennai,"We are having an opening for JavaDeveloper, UIDeveloper, DotNetDeveloper in the Leading MNC Company."
144,Maasmind Software,0-1 years,Chennai,Walk in Interview for  Java Trainer / Faculty - 2014 / 15 / 16 Passed Out
145,Chhariot Solutions,2-5 years,Chennai,"Software Engineer / Programmer, 2 - 5 years"
146,Technogen India Private Limited,2-6 years,Chennai,Software Developer
147,ThinkApps Solutions Private Limited,2-4 years,Chennai,Automation test Engineer Automation Testing Quality Analyst quality engineer
148,TATA Consultancy Services Ltd.,5-7 years,Chennai,"Software Engineer / Programmer, 4 - 5 years"
149,People Prime Worldwide Private Limited,3-8 years,"Hyderabad / Secunderabad, Chennai",Urgent Requirement for  JAVA JSF
150,VGB IT Solutions,0-5 years,"Chennai, Mumbai",software developer
151,IT Business Management Solutions India Private Limited,5-8 years,Chennai,Job opening for  Java Developer at Encore software service-Chennai
152,Future Focus Infotech Limited,5-15 years,"Bengaluru / Bangalore, Chennai","Java, Groovy Technical Consultant -Immediate Opening with our Top MNC Client for Bangalore / Chennai"
153,Test Leaf Software Solutions Private Limited,4-6 years,Chennai,Hiring  Java Developer
154,Saaki Argus And Averil Consulting,2-7 years,"Hyderabad / Secunderabad, Chennai",Java With Akka / Play
155,Burgeon It Services Private Limited,6-10 years,Chennai,Technology Lead - API Micro Services &  Java - Chennai
156,FIS Global Business Solutions India Private Limited,4-9 years,Chennai,"Java Developer ( Jboss, Servlets & Webservices) Hiring at FIS Global :: Chennai ( Ambattur) ::"
157,Innova Solutions Private Limited,2-6 years,Chennai,Immediate opening|| Java Back end Developer||Chennai
158,Infiniminds Private Limited,4-8 years,Chennai,Java Developer
159,Saaki Argus And Averil Consulting,2-5 years,Chennai,Java AngularJS Developer
160,Saaki Argus And Averil Consulting,8-10 years,Chennai,Tech Manager -  Java
161,Glasscheese Software Technologies Private Limited,4-8 years,Chennai,Need  Java Developers
162,2COMS Consulting Private Limited,5-8 years,Chennai,JAVA / Angular JS
163,2COMS Consulting Private Limited,6-8 years,Chennai,JAVA / Angular
164,2COMS Consulting Private Limited,,,"Technical Lead /  Java, Spring"
165,2COMS Consulting Private Limited,3-8 years,"Pune, Chennai",Java Full Stack Developer
166,Career Network,3-13 years,"Chennai, Hyderabad / Secunderabad",Pega Openings for Hyderabad / Bangalore / Chennai - 2 to 15 Yrs
167,Rmade Technologies Private Limited,1-3 years,Chennai,Android Developer.
168,Crown Solutions India Private Limited,4-7 years,Chennai,HTML Developer
169,Apt Adroit48 Private Limited,2-4 years,"Chennai, Pondicherry",Sr. UI Designer
170,Job World India private Limited,3-5 years,Chennai,Java Developer with 'Spring boot' and JPA
171,Data Software Research Company Private Limited,2-7 years,Chennai,DSRC Hires  Java Developers 2+ Yrs @ Chennai
172,Bridge Hospital Services,2-6 years,Chennai,Opening's For  Java Developers
173,Winvest Technology Consultancy Services Private Limited,4-6 years,Chennai,Java development /  Core java /  j2ee with Spring / hibernate.
174,Roljobs Technology Services Private Limited,2-12 years,Chennai,JAVA DEVELOPER - SPRING (2-12 YEARS) - CHENNAI
175,Aristocrat IT Solutions,1-5 years,"Chennai, Hyderabad / Secunderabad",Technical Associate
176,Job World India private Limited,3-5 years,Chennai,Java Developer with JPA_3-5yrs_Chennai
177,Compass Consultancy,5-8 years,Chennai,"Urgent Opening for  Java, Angular JS, Spring ReactJS - Zee Soft Techlogies"
178,Elixa Tec,3-13 years,"Bengaluru / Bangalore, Chennai",Senior  Java J2EE Developer-Chennai
179,BR Raysoft Global Private Limited,4-6 years,Chennai,WALKIN DRIVE ON 13TH JUNE IN CHENNAI - SELENIUM TESTING  JAVA
180,Malcolm HR Solutions India Private Limited,0-2 years,Chennai,Openings for B.E CSE / IT
181,Ontoborn Technologies LLC,1-3 years,Chennai,Software Developer
182,etsCouncil,0-0 years,Chennai,"Fresher:  Java Developer is Wanted  (Camsunit.com Camsunit, Chennai)"
183,Magna Infotech Limited,3-8 years,Chennai,"18 may interview : Java, spring, hibernate immediate offer with cts@chennai Location-"
184,Technogen India Private Limited,4-9 years,Chennai,Performance Engineer
185,Purview India Consulting And Services Llp,4-9 years,"Bengaluru / Bangalore, Chennai",Opening for  Java /  J2ee for contract to hire -Bangalore / Chennai location
186,Phoenix Human Capital Private Limited,10-20 years,Chennai,Principal Member Technical Staff / Technical Leader / Software Engineer
187,Saaki Argus And Averil Consulting,2-4 years,Chennai,Analyst System Development
188,HighPoints Technologies India Private Limited,4-6 years,Chennai,Technical Support
189,HighPoints Technologies India Private Limited,4-6 years,Chennai,Technical Support
190,aconixinfotech,0-1 years,"Chennai, Hyderabad / Secunderabad","Fresher, 0 - 1 years"
191,Hopes Forever Consultancy Private Limited,5-10 years,"Bengaluru / Bangalore, Chennai","Software Engineer / Programmer, 5 - 10 years"
192,FocuzMindz Inc,5-6 years,"Bengaluru / Bangalore, Chennai",Net suite Developer
193,Roljobs Technology Services Private Limited,6-15 years,Chennai,Architect -  Java Developer
194,Nova Solutions,4-6 years,"Bengaluru / Bangalore, Chennai",Hybris :Bangalore / Chennai : 14th June
195,Radial HR Solutions,3-10 years,Chennai,J2EE Developer
196,Radial HR Solutions,6-11 years,Chennai,J2EE Developer / Architect
197,Infochola Solutions Private Limited,2-7 years,Chennai,.Net DEVELOPER / DOT NET PROGRAMMER / BOOTSTRAP / CSS / SQL / ASP.Net
198,P3 Synergy Consulting,8-12 years,Chennai,Sr. Team Lead – Software Engineer:  Core Java; Spring MVC; Hibernate; REST API; OOP; SQL
199,Morpheus Human Consulting Private Limited,0-1 years,Chennai,Assistant Manager - IT –  Java Development - Chennai - Nugabakkam
200,GI Human Resources And Services Private Limited,4-7 years,Chennai,Third Party Pay Roll –  JAVA Technical Specialist Chennai
201,Linkz Consultantz,2-5 years,Chennai,Java Developer
202,Gembrill Technologies India Private Limited,1-9 years,Chennai,Java Developer / Software Programmer /  Java Programmer / Programmer Analyst  Java
203,Hexaware Technologies Limited,2-3 years,Chennai,Software Engineer -  Core JAVA /  J2EE
204,Wipro Limited,3-5 years,Chennai,Developer  Core Java
205,Glasscheese Software Technologies Private Limited,3-5 years,Chennai,Need  Java Developers
206,Capgemini Technology Services India Limited,3-10 years,Chennai,Walk-in Interview -  Java Developer - Capgemini in Chennai 9th June 2018
207,Unihunt Consulting Private Limited,1-3 years,"India, Chennai",Android Developer
208,Confidential,,,Oracle Technical Consultant
209,Sai Education And Job Consultancy,0-3 years,Chennai,PERMANENT JOBS IN CHENNAI FOR INFORMATION TECHNOLOGY
210,Unihunt Consulting Private Limited,2-6 years,"India, Chennai",JAVA Developer
211,Magna Infotech Limited,4-8 years,Chennai,Java Developer-Chennai
212,Magna Infotech Limited,4-8 years,Chennai,Java Developer @ Chennai Location_Permanent Positions !!!!!
213,Elixa Tec,5-15 years,"Bengaluru / Bangalore, Chennai",Java Architect-Chennai
214,Novotree Minds Consulting Private Limited,3-7 years,"Bengaluru / Bangalore, Chennai",Java Developer
215,ASG Worldwide Private Limited,5-12 years,Chennai,Full Stack  Java Developer
216,ASG Worldwide Private Limited,5-12 years,Chennai,Full Stack  Java Developer / UI Focus
217,ASG Worldwide Private Limited,5-12 years,Chennai,Full Stack  Java Developer / DB Focus
218,ASG Worldwide Private Limited,5-12 years,Chennai,Full Stack  Java Developer / ECM Integration Focus
219,ASG Worldwide Private Limited,5-12 years,Chennai,Full Stack  Java Developer - Services
220,Bartronics Global Solutions Ltd,2-3 years,Chennai,Required  java back end developer for M.N.C client (Minimum 3 years experience)
221,Six Sigma Soft Solutions Private Limited,6-9 years,Chennai,opening for  Java /  J2EE Developer
222,Ionidea Enterprise Solutions Private Limited,8-10 years,Chennai,JTL -  Java Tech. Lead
223,Arowana Consulting,5-10 years,Chennai,looking for a  Java developer- Chennai
224,Sanfive Technologies,0-1 years,Chennai,System Trainee
225,Larsen & Toubro Infotech  Ltd.,3-8 years,"Chennai, Mumbai",Opening for EXT JS @ Mumbai / Pune / Chennai
226,Linkz Consultantz,4-6 years,Chennai,Android Developer
227,Magna Infotech Limited,5-8 years,Chennai,Java Developer
228,Asap Info Systems Private Limited,5-12 years,"Chennai, Pune",Urgent Opening for Angular JS with  Java @ Chennai and Pune Location
229,People Prime Worldwide Private Limited,4-9 years,"Hyderabad / Secunderabad, Chennai","Urgent Requirement for AngularJS and Reactjs (hyd, chennai)"
230,Larsen & Toubro Infotech  Ltd.,4-7 years,"Chennai, Mumbai, Mumbai City, Navi Mumbai, Thane","""Opening for  Java Developer"""
231,Magna Infotech Limited,7-12 years,"Chennai, Mumbai",Immediate opening for  Java leads @Chennai and Mumbai location
232,Magna Infotech Limited,7-12 years,"Chennai, Mumbai",Immediate Opening for  Java leads @Chennai and Mumbai location
233,Magna Infotech Limited,7-11 years,Chennai,Immediate Hiring for  Java Technical Lead @ Chennai
234,2COMS Consulting Private Limited,5-7 years,"Bengaluru / Bangalore, Chennai",Urgent Hiring for  Java Front End Developer - Chennai
235,Roljobs Technology Services Private Limited,3-5 years,Chennai,Backend Engineer
236,E Centric Solutions Private Limited,4-9 years,"Bengaluru / Bangalore, Chennai",Java Developer (4-9yrs)
237,E Centric Solutions Private Limited,8-13 years,Chennai,"Contract to hire Position with  Java, Spring boot for Chennai"
238,Comfyi Solution,0-1 years,Chennai,"FRESHER - ""C / C++ Application Trainee"""
239,Accel Frontline Limited,,,Urgent opening for DOT NET Developer @ Chennai
240,ASG Worldwide Private Limited,5-12 years,Chennai,Developer for Scanner Maintenance
241,Six Sigma Soft Solutions Private Limited,2-10 years,Chennai,Senior Software Engineer
242,SP Staffing Services Private Limited,5-10 years,Chennai,"Urgent Openings for developers with  Java, springboot in CMM Level 5 company"
243,Sai Education And Job Consultancy,0-5 years,Chennai,JAVA 2 years experience needed immediately
244,Emphasis Corporate Services,4-9 years,Chennai,"Java Developer, Chennai Location"
245,Kaizen SRA Technologies Private Limited,8-12 years,Chennai,Java Development Lead - Chennai
246,savan Sudesh Babu (Proprietor Of Job Store Consulting),5-8 years,Chennai,Senior Quality Analyst
247,Gembrill Technologies India Private Limited,0-4 years,Chennai,Java Developer - Gembrill Technologies - Chennai
248,Klaus It Solutions Private Limited,5-9 years,"Bengaluru / Bangalore, Chennai","Immediate Openings for  JAVA DEVELOPER - Bangalore, Chennai, Gurgaon"
249,W3Softech India Private Limited,10-20 years,Chennai,"Full Stack Developer- JavaScript / nodedotjs, C++, Python."
250,Saaki Argus And Averil Consulting,2-5 years,Chennai,Java AngularJS Developer
251,Saaki Argus And Averil Consulting,2-7 years,"Hyderabad / Secunderabad, Chennai",Java With Akka / Play
252,Arowana Consulting,3-8 years,Chennai,Looking for QA in Chennai
253,Confidential,0-5 years,"Chennai, Delhi",Java Developer walk in Interview
254,SP Staffing Services Private Limited,2-5 years,Chennai,We have an oppourtunity in leading MNC company in chennai
255,Magna Infotech Limited,5-7 years,Chennai,"Spring Core, Java, Hibernate job openings in Chennai 5-7 Years-C2H mode-CTS client"
256,Technogen India Private Limited,2-6 years,"Chennai, Hyderabad / Secunderabad","Java Developer with Microservices, Angular & Hibernate"
257,Linkz Consultantz,6-8 years,Chennai,Android Developer
258,Novateur IT Technologies India Private Limited,4-9 years,"Chennai, Hyderabad / Secunderabad",Java Developer(PCF. / ODM)
259,Aristocrat IT Solutions,2-5 years,"Chennai, Hyderabad / Secunderabad",Java Developer
260,TQuanta Technologies Private Limited,6-10 years,Chennai,Senior Automation Tester
261,RheinBrucke IT Consulting Private Limited,5-15 years,Chennai,Hiring SAP ABAP Consultants for a European based IT Company!!!
262,Infosys BPM Limited,2-4 years,Chennai,Infosys BPM Ltd is hiring for â Java Developerâ for Chennai on 13th June 2018.
263,FIS Global Business Solutions India Private Limited,3-7 years,Chennai,Java Unix Production Support ( Rotational Shifts) Hiring @ FIS Global Chennai
264,Suganthi (Proprietor of Global Serve Solutions),8-10 years,Chennai,Openings for Full Stack Developer-Chennai
265,SP Staffing Services Private Limited,3-6 years,Chennai,Immediate openings for  java developer with web services chennai
266,2COMS Consulting Private Limited,,,Hiring for AWS for B'lore & Chennai (ONLY LOCAL CANDIDATES)
267,2COMS Consulting Private Limited,3-8 years,"Bengaluru / Bangalore, Chennai",AWS Development
268,2COMS Consulting Private Limited,9-14 years,"Pune, Chennai",PEGA - Architect / Manager / Sr Manager
269,Karan IT Solutions,0-3 years,"Bengaluru / Bangalore, Chennai","Mobile Application Developer - Android, iOS"
270,Indepth Consulting Services,5-15 years,Chennai,Looking for Freelancer / part time Trainers for  Java for a MNC.
271,Adityaram Properties Private Limited,3-7 years,Chennai,GRAPHIC DESIGNER / WEB DESIGNER
272,Magna Infotech Limited,0-0 years,Chennai,Finance & Accounts
273,Larsen & Toubro Infotech  Ltd.,4-8 years,Chennai,Java + Angular
274,Larsen & Toubro Infotech  Ltd.,,,Java Angular + Springboot
275,Corporate Learning,5-9 years,"Bengaluru / Bangalore, Chennai",Hiring for  Core Java developer with rest APIs with Spring & datastructures at Chennai and Bangalore
276,Talent resource Management Group,8-14 years,Chennai,Java Lead
277,Unihunt Consulting Private Limited,3-6 years,"India, Chennai","Software Developer -  Java, Grails, Angular JS"
278,BR Raysoft Global Private Limited,3-8 years,Chennai,"Prasanthi / we have an immediate opening for "" Java developer"" For, Pmt, Chennai Location"
279,BR Raysoft Global Private Limited,4-6 years,Chennai,"Prasanthi / we have an immediate opening for "" Java developer"" For, Pmt, Chennai Location"
280,FIS Global Business Solutions India Private Limited,3-7 years,Chennai,Java with Web technologies :: Hiring @ FIS ( Chennai - Ambattur) :: 15 days / Immediate Joinee
281,Intel Serve It Solutions,3-8 years,Chennai,JAVA TEAM LEAD - in TVS Group Co
282,Gronex,2-5 years,Chennai,UI Developer
283,Sainora Infotech Private Limited,,,Job opening for  Java Developer
284,Cloud Axis Technologies,0-0 years,Chennai,2018 freshers-SOFTWARE / NETWORKING development recruitment
285,Ionidea Enterprise Solutions Private Limited,6-10 years,Chennai,Lead Engineer / Senior Lead Engineer - Software Development
286,HTC Global Services (India) Private Limited,3-10 years,Chennai,Java with Spring Boot Developer
287,People Prime Worldwide Private Limited,2-5 years,Chennai,career oppourtunitywith one of our client CMMMI Level 5 organisation.
288,VGB IT Solutions,0-8 years,"Chennai, Mumbai",Software Engineer
289,Winvest Technology Consultancy Services Private Limited,5-10 years,Chennai,Android Lead Role
290,Malcolm HR Solutions India Private Limited,0-2 years,Chennai,Openings for B.E CSE / IT
291,Uniphore Software Systems Private Limited,1-6 years,Chennai,JAVA Developer
292,Ark Infotech Spectrum India Private Limited,5-7 years,Chennai,Openings for  Core Java Developers!!!
293,Klaus It Solutions Private Limited,5-8 years,Chennai,"Immediate Openings for  Java developer with Spring, web services - Chennai"
294,Sais Information Technology Private Limited,0-1 years,Chennai,ANDROID DEVELOPER
295,Maasmind Software,0-1 years,Chennai,Walk in Interview for Project coordinator - 2014 / 15 / 16 Passed Out
296,ASG Worldwide Private Limited,5-12 years,Chennai,Full Stack  Java Developer - Application
297,Esd Caddcamm Solutions,8-15 years,Chennai,Immediate opening for  Java Architect
298,ValeurHR E-Solutions Private Limited,,Chennai,Java developer(3 to 5 yrs)
299,Unihunt Consulting Private Limited,2-5 years,"India, Chennai",Software Engineer - SSRS & SSIS
300,Unihunt Consulting Private Limited,5-10 years,"India, Chennai",Data Integration Specialist
301,Unihunt Consulting Private Limited,6-9 years,"India, Chennai",Technical Lead
302,Bigtapp India Private Limited,4-7 years,Chennai,Big Data Developer ( JAVA)
303,BR Raysoft Global Private Limited,5-10 years,Chennai,"Prasanthi / we have an immediate opening for ""AWS developer"" For, C2H, ChennaiLocation"
304,BR Raysoft Global Private Limited,5-10 years,Chennai,"Prasanthi / we have an immediate opening for ""Automation testing"" For, Pmt, Chennai Location"
305,VJC Immigration & VISA Consultants Private Limited,3-10 years,"Bengaluru / Bangalore, Chennai",Germany Jobseeker Visa
306,Confidential,0-5 years,"Chennai, Lucknow",Java Developer & Asp.Net walk in Interview
307,Confidential,0-5 years,"Chennai, Bhopal",Java Developer & Asp.Net walk in Interview
308,Sai Education And Job Consultancy,0-2 years,Chennai,IT Software
309,Confidential,0-5 years,"Chennai, Lucknow",Java Developer & Asp.Net walk in Interview
310,Esd Caddcamm Solutions,8-15 years,"Bengaluru / Bangalore, Chennai",Immediate opening for  Java Architect
311,Infiniminds Private Limited,4-8 years,Chennai,Java Developer
312,Suganthi (Proprietor of Global Serve Solutions),4-8 years,Chennai,Openings for  Java Developer-Chennai
313,Ooyala India Private Limited,4-8 years,Chennai,Solutions Specialist
314,Ooyala India Private Limited,2-7 years,Chennai,Sr Big Data Engineer - Billing
315,Winvest Technology Consultancy Services Private Limited,4-6 years,Chennai,Java Developer
316,Resource Access Management Solutions Private Limited,3-8 years,Chennai,Hiring  Core Java in Chennai location
317,Multi Recruit,6-8 years,Chennai,Backend  Java Developer
318,ThinkApps Solutions Private Limited,2-12 years,"Bengaluru / Bangalore, Chennai","Java Developer Software Developer Software Engineer, Sr.  Java Developer, java Lead."
319,2COMS Consulting Private Limited,8-13 years,Chennai,Java Architect /  / Tech Manager ( 8-16yrs )
320,DM Consulting India Private Limited,3-6 years,Chennai,Huge openings for our MNC client For Android Development...
321,Precision Staffers,4-8 years,Chennai,Java Developer
322,Hexaware Technologies Limited,6-9 years,Chennai,HEXAWARE is hiring for  JAVA developers
323,ValeurHR E-Solutions Private Limited,,Chennai,Pega Enterprise Architect
324,ValeurHR E-Solutions Private Limited,,Chennai,"Sr. MTS, Architect"
325,ValeurHR E-Solutions Private Limited,,Chennai,Lead Architect
326,Ojas Innovative Technologies Private Limited,5-12 years,Chennai,Hiring for Sr.  Java Developers / Leads for Chennai Location
327,Perficient India,4-14 years,"Bengaluru / Bangalore, Chennai",Websphere Portal Developer
328,Trichrome Technologies,1-3 years,Chennai,Java /  J2EE Trainer - Immediate Hiring
329,TATA Consultancy Services Ltd.,2-5 years,Chennai,"TCS BPS Hiring Technology Professionals, Walkin on Fri 25th & sat26 May"
330,Novotree Minds Consulting Private Limited,4-9 years,Chennai,Core Java Developer
331,Magna Infotech Limited,3-6 years,"Bengaluru / Bangalore, Chennai",Java developer with T24 Temenos project in Chennai & Bangalore C2H position
332,Toppersedge.com India Private Limited,3-7 years,Chennai,Java Developer
333,2COMS Consulting Private Limited,2-7 years,"Chennai, Kolkata",Production Support (ASP.Net and  Java)
334,Landmark Blitz Private Limited,,,Job Opportunity_ Full Stack Developer
335,Automotive Robotics India Private Limited,3-5 years,Chennai,Urgent: Web Automation Testers at Chennai
336,People Prime Worldwide Private Limited,2-4 years,Chennai,Carrier opportunity with CMMMI level 5 organization
337,AmpersandSquare Tech-Services Private Limited,2-5 years,Chennai,Android Developer
338,Fabsys Technologies Private Limited,0-1 years,Chennai,Opening for B.E Freshers for Software Developer Trainee Position
339,Accion Labs India Private Limited,5-12 years,Chennai,Hiring for Senior  Java Developer - Accionlabs- MNC Client - Chennai
340,Ark Infotech Spectrum India Private Limited,5-10 years,Chennai,Hiring for  JAVA Lead
341,ASG Worldwide Private Limited,5-12 years,Chennai,Full Stack  Java Developer – Analyzers
342,Magna Infotech Limited,5-10 years,Chennai,Java Developer _ Chennai
343,Magna Infotech Limited,5-10 years,Chennai,Java Developer @ Chennai Location (Permanent Positions)
344,2COMS Consulting Private Limited,7-12 years,Chennai,Java Technical Consultant- Development
345,Rainar Human Network,7-11 years,Chennai,Software Engineer
346,Larsen & Toubro Infotech  Ltd.,4-7 years,Chennai,"""Opening for  Java Developer"""
347,TECHNOSOFT GLOBAL SERVICES (P) LTD.,3-10 years,Chennai,Core Java Developer - Looking only for immediate joiners
348,Middle East Management Services,2-4 years,Chennai,Latest job Openings in  Java Developer
349,Radial HR Solutions,6-9 years,Chennai,J2EE Developer
350,Cloud Axis Technologies,0-1 years,Chennai,Java Developer Fresher
351,Karix Mobile Private Limited,3-5 years,Chennai,Independent Contractor- QA (Automation Testing)
352,Sampoorna Consultants Private Limited,2-5 years,Chennai,Software Development Engineering in Testing (Job Code : J39332)
353,Brightwiss Consultants Private Limited,3-12 years,Chennai,Urgent Opening For  Java Developers @ Chennai
354,Dhruv Consulting Services,4-9 years,Chennai,Java developer
355,TECHS TO SUIT INC,4-8 years,Chennai,JBPM Consultant 4+ Years - Chennai
356,ThinkApps Solutions Private Limited,4-12 years,Chennai,Technical Lead
357,IT Spectra India Private Limited,8-10 years,Chennai,Senior  Java Lead /  Java Lead - Only Chennai Candidates
358,IT Spectra India Private Limited,3-4 years,Chennai,Java Developer
359,Fiserv India Private Limited,5-7 years,Chennai,Java Developer
360,Magna Infotech Limited,,,"Java / .Net Developer in Hyderabad, Chennai -C2H mode Interview on april 1 Sunday"
361,GlobalHunt India Private Limited,14-18 years,Chennai,JAVA Program Manager - With Leading Automobile Client
362,Corporate Learning,4-5 years,Chennai,"Hiring for chennai location JSF, Java /  J2EE, Webservice, Toplink / Hibernate, SQL"
363,Data Software Research Company Private Limited,3-8 years,Chennai,MEGA Walk-in for  JAVA !!! ONLY 30 Days Joiners Preferred
364,Larsen & Toubro Infotech  Ltd.,4-7 years,"Chennai, Pune",Opening for  Java with EXT JS
365,Magna,5-9 years,Chennai,Sr.  Java Developer
366,Hexaware Technologies Limited,6-9 years,Chennai,Openings for  Java Developers
367,Go2Group Technologies Private Limited,1-7 years,Chennai,Sr.  Java Developer
368,Merven Talent Zone,0-0 years,Chennai,UI Developer
369,Valforma Technology Services Private Limited,7-11 years,Chennai,Sr.  Java Developer
370,Sonyo Management Consultants Private Limited,9-14 years,"Bengaluru / Bangalore, Chennai",Java Technical Project Manager Mumbai / Bangalore.....urgently Require
371,Busisol Sourcing India Private Limited,4-6 years,Chennai,Java Developer
372,Perficient India,3-12 years,Chennai,"Walk-in Drive for  Java Developers on 2nd and 3rd April, 11 AM at Perficient, Chennai"
373,Rohini Papanaboina ( Proprietorship Of Hcs Soft Solutions),3-6 years,Chennai,Java Developer
374,Mindteck (India) Limited,3-6 years,Chennai,Immediate Hiring for  Java Developer with Automation for Chennai
375,TechOrbit Soft Systems Private Limited,5-10 years,Chennai,""" Java Developer"""
376,TechOrbit Soft Systems Private Limited,5-10 years,Chennai,"""Full Stack  Java Developer"""
377,Ojas Innovative Technologies Private Limited,5-9 years,Chennai,Hiring for  Java Developers / Tech Leads for Chennai Location
378,Data Software Research Company Private Limited,4-6 years,Chennai,Onsite Opportunity for  Java Professionals!!!- Preferably  Core Java
379,Vee source Global Private Limited,6-9 years,Chennai,Java web application developer _Chennai
380,DS Placement Services Private Limited,2-3 years,Chennai,Java Developer
381,Exela Technologies,3-8 years,Chennai,java Developer
382,Pathfinder Management Consulting (India) Ltd,8-10 years,Chennai,Hybris Architect / Lead Architect
383,TechOrbit Soft Systems Private Limited,6-9 years,Chennai,Full Stack Developer
384,Outworks Solutions Private Limited,5-7 years,Chennai,"((""full stack developer"")AND("" java"") OR("" j2ee"")AND(""sql"") AND (""UNIX"")), 5 - 7 years"
385,Mphasis Limited,5-8 years,Chennai,Java and  J2EE technologies with Angular JS- Delivery Module Lead
386,Corporate Learning,4-5 years,Chennai,"Hiring for Chennai location Struts 1.x, Java /  J2EE, Webservice, Toplink / Hibernate, SQL"
387,VGB IT Solutions,0-6 years,"Chennai, Mumbai",Software Engineer -trainee
388,Ojas Innovative Technologies Private Limited,5-10 years,Chennai,Hiring for Sr.  Java Developers for Chennai Location
389,Bigtapp India Private Limited,5-9 years,Chennai,Solutions Architect /  Java Architecture / IT Architect / Technical Architect /  JAVA J2EE Architect
390,Roljobs Technology Services Private Limited,3-12 years,Chennai,Backend Engineer
391,Vee source Global Private Limited,4-8 years,Chennai,Immediate requirement for Pega PRPC Developer (3-8 yrs)
392,Ionidea Enterprise Solutions Private Limited,5-8 years,Chennai,Senior  Java Developer
393,Rmade Technologies Private Limited,2-5 years,Chennai,Senior Developer – PHP /  JAVA
394,Ojas Innovative Technologies Private Limited,4-7 years,Chennai,Hiring for  Java Developers for Chennai Location
395,Technik,3-8 years,Chennai,Immediate opening for  Java Developers
396,Confidential,4-9 years,Chennai,Java Developer
397,BR Raysoft Global Private Limited,,,"Permanent opening with our client in chennai location for ""Automation selenium &  Java"""
398,Magna Infotech Limited,1-4 years,"Chennai, Kolkata",Java Developer
399,True Tech Solutions,3-9 years,Chennai,"Developer----"" java, Jsf, Jasper reports or Prime faces"""
400,FIS Global Business Solutions India Private Limited,4-8 years,Chennai,Java Developers Hiring @ FIS Global Chennai - Ambattur
401,Ojas Innovative Technologies Private Limited,5-10 years,Chennai,Hiring for  Java Developers for Chennai Location
402,Magna Infotech Limited,7-10 years,"Chennai, Mumbai",Senior  Java Developer
403,Savvyan Technologies Private Limited,3-6 years,"Bengaluru / Bangalore, Chennai",Java positions
404,Magna Infotech Limited,3-6 years,"Chennai, Hyderabad / Secunderabad",Java Developer
405,Sphinax Info Systems,1-5 years,Chennai,Software Engineer
406,ThinkApps Solutions Private Limited,5-8 years,Chennai,Java Developer
407,Magna Infotech Limited,3-12 years,"Chennai, Pondicherry","Immediate job opportunity for  java developer- Chennai, long term C2H role."
408,UX Business Solutions Private Limited,1-3 years,Chennai,Java Support Engineer
409,Virtusa Consulting Services Private Limited,5-7 years,Chennai,Senior  Java Developer
410,ThinkApps Solutions Private Limited,4-12 years,Chennai,Angularjs
411,Magna,8-11 years,"Chennai, Mumbai",#FLASH# Openings For  Java Developer (Tech Gurus in  Java)
412,Merven Talent Zone,2-7 years,Chennai,Java Developer
413,Sampoorna Consultants Private Limited,4-6 years,Chennai,Java SSE (Job Code : J39454)
414,Sampoorna Consultants Private Limited,8-12 years,Chennai,Java Team Lead (Job Code : J39469)
415,Kaizen SRA Technologies Private Limited,8-15 years,Chennai,Senior Data Scientist - Chennai (locals Only)
416,Esd Caddcamm Solutions,8-15 years,Chennai,Immediate opening for  Java Architect
417,Roljobs Technology Services Private Limited,3-5 years,Chennai,Back end Development -  Java
418,TECHNOSOFT GLOBAL SERVICES (P) LTD.,4-9 years,Chennai,Java Developer - Chennai - Permanent (Immediate Joiner)
419,KR Placements,0-2 years,Chennai,Software Engineer
420,Quess Corp Limited,1-3 years,"Chennai, Pune",F2F Interview for  Java Developers - Chennai / Pune
421,Quess Corp Limited,1-3 years,"Chennai, Pune",F2F Interview for  Java Developers - Chennai / Pune
422,Magna Infotech Limited,1-3 years,"Chennai, Pune",Java Developer
423,Unique Connections,7-12 years,"Bengaluru / Bangalore, Chennai",Cloud Software Engineer / Consultant -Remote
424,Pathfinder Management Consulting (India) Ltd,10-17 years,Chennai,Cloud Architect - AWS / Azure
425,BR Raysoft Global Private Limited,3-8 years,Chennai,SELENIUM  JAVA tester CHN 10 MAY 18
426,Sigaram Software Technologies Private Limited,2-6 years,Chennai,Android Developer
427,Studys Professional Foundation,3-6 years,Chennai,Java Programmer
428,Exela Technologies,3-8 years,Chennai,Java Developer
429,Laasri Solutions,5-9 years,Chennai,Urgently Hiring for  Java Developer Chennai
430,IT Business Management Solutions India Private Limited,5-8 years,Chennai,Job Opportunity with Encore IT Service Solutions for  Java developer @ Chennai
431,Merven Talent Zone,2-9 years,Chennai,Java Developer
432,Technogen India Private Limited,2-5 years,Chennai,Java Developer with Spring Boot & Angular JS
433,TECHNOSOFT GLOBAL SERVICES (P) LTD.,3-7 years,"Bengaluru / Bangalore, Chennai",Java Developer - Chennai - Permanent
434,Busisol Sourcing India Private Limited,5-10 years,Chennai,opening in Sr  Java developer - chennai (Preferring 30 days of notice)
435,Sonyo Management Consultants Private Limited,4-7 years,Chennai,SSE  Java with JSF _ Chennai Location_altimetrik
436,Macropace Technologies,3-10 years,"Bengaluru / Bangalore, Chennai",Adobe Developer
437,Srinivasan Subramanian ( Proprietor Of Kevynsoft ),3-5 years,Chennai,Java Developer
438,Busisol Sourcing India Private Limited,4-6 years,Chennai,Senior  Java Developer
439,Gsn Consulting,3-9 years,Chennai,"SSE / LEAD -  JAVA 8X, RESTFul - AMBATTUR, CHENNAI - 4 to 10 yrs"
440,Magna Infotech Limited,7-10 years,"Chennai, Mumbai",Java Developer
441,SummitWorks Technologies Private Limited,3-5 years,Chennai,Java with Ruby on Rails
442,Perficient India,3-10 years,"Bengaluru / Bangalore, Chennai",Sterling OMS Developer
443,Quick Play Media Private Limited,5-12 years,"Chennai, Hyderabad / Secunderabad",Server Developer /  J2EE / Weblogic / WebServices / Servlets / HTML5
444,TATA Consultancy Services Ltd.,2-5 years,Chennai,"TCS BPS Hiring Technology Professionals, walk in on Saturday 12th May"
445,VGB IT Solutions,,,Fresher graduates -  B.com B  / B.Sc / B.E / B.TECH / M.Sc / MCA /  M.com M
446,S A Tech Software India Private Limited,7-12 years,"Chennai, Pune",DevOps Engineer
447,Jothi Software Private Limited,5-8 years,Chennai,Senior Cloud Application Developer
448,Dilip IT Consultant and Management,4-8 years,Chennai,PEGA PRPC Developer
449,IT-Scient Consulting Private Limited,3-5 years,"Bengaluru / Bangalore, Chennai",javadeveloper / software developer / softwareengineer with microservices(must skill)
450,FIIT Formacion Private Limited,0-2 years,Chennai,Immediate Openings for the Trainer Positions in Software and Networking
451,Hexaware Technologies Limited,4-9 years,Chennai,Java /  J2ee developer
452,Sysvine Technologies Private Limited,3-7 years,Chennai,Senior Software Engineer -  Java
453,Electronic Multi Area Publishing Technology Integration Services,1-2 years,Chennai,Software Trainer
454,Exela Technologies,3-8 years,Chennai,Java Developer
455,IT Business Management Solutions India Private Limited,5-8 years,"Chennai, Hyderabad / Secunderabad",Job Opportunity with Virtusa Polaris for  Java developer @ Chennai @ Hyderabad
456,Drona It Consultant LLP,3-5 years,"Chennai, Mumbai",Java Developer
457,Getinz Techno Services,5-8 years,Chennai,Experienced  Java Developer for Chennai
458,Live Connections,5-10 years,"Bengaluru / Bangalore, Chennai",Senior Software Engineer / Lead Engineer
459,Future Focus Infotech Limited,4-6 years,Chennai,Java Developer
460,Technik,4-8 years,Chennai,Documentum Developer
461,Kulaja Services LLP,6-8 years,Chennai,Java Developer / 6-8 years / Chennai
462,Automotive Robotics India Private Limited,5-7 years,Chennai,Hiring for Hadoop Developer- Chennai
463,Convergence Consultants,8-11 years,Chennai,"Web application testing, Senior automation testing, Browser Compatibility testing, Gherkin"
464,Aristocrat IT Solutions,1-3 years,Chennai,WEB DEVELOPER
465,Srinivasan Subramanian ( Proprietor Of Kevynsoft ),3-5 years,Chennai,Android Developer
466,SAW IT Services Private Limited,1-3 years,"Bengaluru / Bangalore, Chennai",Java Developer
467,Think Thrive Talent Track Private Limited,3-8 years,Chennai,Software Engineer
468,Bened Software Services Inc,4-9 years,"Bengaluru / Bangalore, Chennai",Senior  Java Developer
469,Athena Consultancy Services,,Chennai,"Prepaid Charging System (IN), "
470,Toppersedge.com India Private Limited,3-10 years,Chennai,Java Technical lead
471,Linkz Consultantz,4-9 years,Chennai,Java Developer
472,Technogen India Private Limited,3-7 years,Chennai,Java Developer
473,Larsen & Toubro Infotech  Ltd.,4-9 years,Chennai,Java EXTJS
474,Larsen & Toubro Infotech  Ltd.,4-9 years,Chennai,Java AngularJS
475,Klaus It Solutions Private Limited,3-8 years,Chennai,"Immediate opening for  java developer with Spring, Hibernate, ""web services"" - Chennai"
476,TQuanta Technologies Private Limited,5-10 years,Chennai,Java Developer js
477,Resource Access Management Solutions Private Limited,2-7 years,Chennai,Needed Full Stack  Java Developer in Chennai Location
478,Toppersedge.com India Private Limited,9-14 years,Chennai,JAVA Technical Architect
479,DS Placement Services Private Limited,2-3 years,Chennai,Java Developer
480,Thirdware Solutions Limited,4-9 years,Chennai,Java Developer - Thirdware - Chennai (Perungudi)
481,HCS Career Development Academy,0-1 years,Chennai,Java Developer Fresher / android developer / Embedded system engineer
482,UX Business Solutions Private Limited,1-7 years,Chennai,Java Developer - Immediate Joinee
483,Saksoft Limited,9-14 years,Chennai,Technical Architect
484,Sysvine Technologies Private Limited,1-6 years,Chennai,Senior Software Engineer - IoT
485,Future Focus Infotech Limited,5-10 years,Chennai,Liferay Portal Developer- Immediate Opening with our Top MNC Client-Chennai
486,Wipro Limited,5-8 years,Chennai,Project Lead - Enterprise Platform Engineering
487,Esd Caddcamm Solutions,3-10 years,Chennai,Immediate Opening for Mean Stack Developer
488,Magna,3-6 years,"Chennai, Mumbai",Java Developer
489,ASG Worldwide Private Limited,5-13 years,Chennai,Full Stack  Java Developer / ECM Integration Focus
490,ASG Worldwide Private Limited,5-13 years,Chennai,Full Stack  Java Developer - Analyzers
491,ASG Worldwide Private Limited,5-13 years,Chennai,Full Stack  Java Developer - Services
492,ASG Worldwide Private Limited,5-13 years,Chennai,Full Stack  Java Developer - Application
493,Merven Talent Zone,2-10 years,Chennai,Java with Full Stack Developer
494,Ooyala India Private Limited,3-5 years,Chennai,Software Engineer (OVP)
495,Ooyala India Private Limited,3-5 years,Chennai,Software Engineer (OVP)
496,Ooyala India Private Limited,4-8 years,Chennai,Software Development in Test - Flex
497,Agoge Software Solutions Private Limited,5-9 years,"Chennai, Hyderabad / Secunderabad",Sr. Software Engineer / Team Lead
498,Jconnect InfoTech Private Limited,4-12 years,Chennai,Urgent Hireing_Wipro_Contracting_Chennai
499,Middle East Management Services,1-3 years,Chennai,"Software Engineer / Programmer, 1 - 3 years"
500,BR Raysoft Tech Private Limited,4-9 years,Chennai,Java Developer || 4-9 yrs || Chennai || Cmmlevel 5
501,Sampoorna Consultants Private Limited,3-5 years,Chennai,Java Developer (Job Code : J39300)
502,HR Addons,3-9 years,"Chennai, Hyderabad / Secunderabad",Java Developer- Chennai location
503,Pacific IT Consulting Private Limited,,,Job | Requirement for Hexaware - UI Developer || Job Location - Chennai | F2F on -28-apr-2018
504,Merven Talent Zone,2-8 years,Chennai,Java Developer
505,Resource Access Management Solutions Private Limited,4-7 years,Chennai,Java Developer
506,SAW IT Services Private Limited,4-8 years,Chennai,Java cum SQL Developer
507,Resource Access Management Solutions Private Limited,8-12 years,Chennai,Excellent Job Opening for SAP APO with 8 to 12 yrs of Experience
508,Think People Solutions Private Limited,5-8 years,Chennai,Software Designer -MNC Client - chennai
509,SummitWorks Technologies Private Limited,3-6 years,Chennai,developer
510,Larsen & Toubro Infotech  Ltd.,4-8 years,Chennai,Full Stack developer
511,Magna,5-10 years,Chennai,Java Developer
512,Magna Infotech Limited,5-9 years,Chennai,Sr.  Java Developer
513,Iris Technologies,0-1 years,Chennai,Senior Software Developer-SSD-131-1804
514,Magna,5-10 years,Chennai,Requirement for  Java Developer with strong SQL @ Chennai
515,Magna Infotech Limited,4-9 years,Chennai,Hiring for  Java Developer
516,Ionidea Enterprise Solutions Private Limited,3-6 years,Chennai,J2ee developer
517,Cynosure Corporate Solutions,4-9 years,Chennai,Data Scientist
518,savan Sudesh Babu (Proprietor Of Job Store Consulting),3-10 years,Chennai,Hiring for senior  java developer
519,Techinflo Solutions Private Limited,8-12 years,Chennai,"Sr.Developer / TL for Capgemini, Chennai"
520,2COMS Consulting Private Limited,2-5 years,Chennai,Huge Opening for Production Support in Leading IT MNC in Chennai
521,2COMS Consulting Private Limited,5-7 years,"Chennai, Mumbai",Verint Engineer
522,Prerna Consultants Private Limited,7-10 years,Chennai,Team Leader / Technical Leader(Guide Wire)
523,American Megatrends India Private Limited,2-4 years,Chennai,SOFTWARE DEVELOPER / SOFTWARE PROGRAMMER / SOFTWARE ENGINEER (C++ /  JAVA / PYTHON )
524,Elixa Tec,5-15 years,"Bengaluru / Bangalore, Chennai",Azure Cloud Architect .Net /  Java-Chennai
525,Elixa Tec,2-12 years,Chennai,Java AngularJS Consultants (Junior / Mid level / Senior Level)-Chennai
526,Job World India private Limited,5-10 years,Chennai,Java Developer
527,Uniphore Software Systems Private Limited,10-15 years,Chennai,(Senior) Principal Speech Engineer / Scientist
528,IT Business Management Solutions India Private Limited,5-8 years,Chennai,Job opportunity with Encore IT Solutions for  Java developer @ Chennai
529,Corporate Learning,6-8 years,Chennai,Hiring for Fullstack Developer ( Java) for Chennai
530,Collaborate Solutions Private Limited,4-8 years,Chennai,Software Test Engineer
531,Media Concepts Consulting Private Limited,4-6 years,Chennai,Oracle BPM Developer (Immediate Requirement)
532,Magna Infotech Limited,1-4 years,"Chennai, Kolkata",Java Developer
533,Media Concepts Consulting Private Limited,4-10 years,Chennai,Java Developer (Immediate joinee required)
534,Larsen & Toubro Infotech  Ltd.,3-8 years,"Bengaluru / Bangalore, Chennai",JBPM
535,HighPoints Technologies India Private Limited,3-6 years,Chennai,Technical Consultant
536,BR Raysoft Tech Private Limited,5-10 years,Chennai,"6 MONTHS C2H - WSO2 ESB TECH LEAD - CHENNAI, MCITY - 6+ YRS"
537,BR Raysoft Tech Private Limited,5-10 years,Chennai,"12 MONTHS C2H - AWS DEVELOPER, EC2, SG WITH  JAVA, UNIX / LINUX - CHENNAI"
538,Exela Technologies,3-8 years,Chennai,Great Opportunity for  Java Developers
539,Harjai Computers Private Limited,2-6 years,Chennai,Software Developer
540,Searchtek Consulting Services LLP,4-14 years,Chennai,Java Japanese Bilingual Developer
541,BrainTreeHR Consulting Private Limited,4-12 years,"Bengaluru / Bangalore, Chennai",Job opening for  Java Developer in Chennai
542,HTC Global Services (India) Private Limited,4-10 years,Chennai,Java Developer
543,Data Software Research Company Private Limited,3-5 years,Chennai,MEGA Walk-in for  JAVA !!! ONLY 30 Days Joiners Preferred
544,2COMS Consulting Private Limited,2-5 years,"Chennai, Hyderabad / Secunderabad","Urgent Hiring up for ""production Support "" ( java &.Net) @ Hyderabad"
545,Larsen & Toubro Infotech  Ltd.,3-10 years,"Bengaluru / Bangalore, Chennai","Schedule drive for Big Data (Pyspark, Hive, Java, SQL) On 24-Mar-18 @ Larsen and Toubro Infotech, Pune, Mumbai, Chennai, Bangalore"
546,Future Focus Infotech Limited,3-8 years,Chennai,Hiring  Java Developers for a Product Based MNC @ Chennai !!
547,Glasscheese Software Technologies Private Limited,3-8 years,Chennai,Need  Java Programmers and Leads Immediately
548,Exela Technologies,3-6 years,Chennai,Automation Test Engineer - Selenium
549,Busisol Sourcing India Private Limited,1-4 years,Chennai,Android Application Developer - Chennai
550,AllSight Software India Pvt Ltd.,2-5 years,Chennai,Senior QA Engineer
551,JPA Solutions,0-3 years,Chennai,"Jobs for Fresher -  Java, Python, , Net, Java Scripts"
552,Magna Infotech Limited,3-9 years,"Bengaluru / Bangalore, Chennai","Immediate job opportunity for  Java Springboot- Bangalore, Chennai"
553,Ontoborn Technologies LLC,1-3 years,Chennai,Fullstack Developer
554,AllSight Software India Pvt Ltd.,7-10 years,Chennai,Principal Engineer
555,Arouse Technologies,0-1 years,"Bengaluru / Bangalore, Chennai",Software Developer Fresher 65% in all academics
556,Sellcraft Global Solutions Private Limited,2-6 years,Chennai,Urgent Requirement for .Net and  Java Developer!!!!
557,Vectone India Mobile Services Private Limited,3-10 years,Chennai,Excellent Opening for Android Developer with experience in NDK
558,Hir Corp Solutions Private Limited,2-4 years,Chennai,IOT integration Developer
559,Redefined Corp,5-10 years,Chennai,Sr.Android Developer
560,Linkz Consultantz,4-9 years,Chennai,Immediate Openings for  Java Developer @ Chennai
561,Precision Staffers,3-8 years,Chennai,J2EE Developer
562,Technogen India Private Limited,2-6 years,Chennai,Java Developer (Spring boot & Microservices)
563,Esd Caddcamm Solutions,4-7 years,Chennai,Android Developer / Mobile application
564,SAW IT Services Private Limited,5-7 years,Chennai,Senior Software Engineer
565,Ionidea Enterprise Solutions Private Limited,10-12 years,Chennai,Functional Architect
566,Larsen & Toubro Infotech  Ltd.,4-6 years,Chennai,Web Services  JAVA Developer
567,Larsen & Toubro Infotech  Ltd.,4-6 years,Chennai,Liferay Portal - Java Developer
568,Rage Communications Private Limited,8-10 years,Chennai,Sr. AEM Developer
569,Kavniya Technology Solutions Private Limited,6-9 years,Chennai,Senior  Java Developer immediately required in Chennai
570,Vasel Systems Private Limited,1-3 years,Chennai,"Engineer, Software"
571,Samridha Groups,3-13 years,Chennai,Job Title:  Java Developer
572,Metier Career Solutions Private Limited,10-12 years,Chennai,"Functional Architect, Software Engineering Process Group"
573,Mississippi Consultants LLP,4-8 years,"Chennai, Mumbai",Spark Developer (Spark with  Java Expert) @ Pune / Mumbai / Chennai
574,SP Staffing Services Private Limited,3-10 years,Chennai,Immediate Hirings Opening for  Core Java Experts @ Top MNC
575,Larsen & Toubro Infotech  Ltd.,3-13 years,Chennai,Core Java & SDK Developer
576,ILabz Technology LLP,6-8 years,"Bengaluru / Bangalore, Chennai",Urgent Requirement  Core Java Profiles Location : Bangalore
577,Indium Software (India) Limited,,,Java Developer  Core Java
578,TechOrbit Soft Systems Private Limited,8-10 years,Chennai,"""Software Engineer"" ""Software Developer"" "" Java Developer"", "" Core Java Programming """
579,BrainTreeHR Consulting Private Limited,4-13 years,"Bengaluru / Bangalore, Chennai",Core Java Developer
580,Capgemini India Private Limited,4-11 years,Chennai,Inviting For  Core Java Professionals- Chennai Location
581,Spaceinfo Soft Tech Private Limited,0-1 years,"Chennai, Hyderabad / Secunderabad","Hiring for  java, core java freshers 2012-2016"
582,Techgallore,3-7 years,Chennai,Java Developer  Core Java and Multithreading
583,Capgemini India Private Limited,9-13 years,Chennai,Core Java Technical Leads
584,Radial HR Solutions,5-10 years,Chennai,Core Java Developer
585,Acreaty Management Consultant Private Limited,,,Manager - Java
586,Optimum InfoSystem Private Limited,5-12 years,Chennai,"Walk-in for Sr developer and AVP On 9th Dec 2017 @ Optimum InfoSystem, Mumbai and Gurgaon"
587,Saravana Consultancy,3-8 years,Chennai,Senior  Java Developers-Chennai(Part-Time / Freelancer )
588,Pranav Hr Consultants,0-2 years,Chennai,Java Developer
589,Radial HR Solutions,,,Java Developer + JLPT
590,Softeon India Private Limited,4-9 years,Chennai,"Java, J2EE - Sr.Software Engineer / Lead"
591,Ikya,3-8 years,Chennai,Java Developer
592,Jag Bros Consultants Private Limited,1-4 years,"Chennai, Hyderabad / Secunderabad",Java Developer
593,Net Employment Services Private Limited,5-15 years,"Bengaluru / Bangalore, Chennai",Java Developer (5-21 years) CHENNAI & BANGALORE
594,Confidential,0-3 years,"Chennai, Coimbatore",MNC JOB OPENING FOR SOFTWARE
595,Perficient India,3-7 years,Chennai,Java Developer
596,Resource Access Management Solutions Private Limited,9-12 years,Chennai,Hiring  Java Architect for a leading IT Product Based Company in Chennai
597,Resource Access Management Solutions Private Limited,,,Excellent job opportunity for Implementation Engineer (3-5 Years) Chennai for our MNC Client
598,Enlighted Energy Systems Private Limited,8-14 years,Chennai,Hiring for Technical Manager - Software Engineering -  JAVA
599,People Prime Worldwide Private Limited,7-12 years,Chennai,Java Developer
600,Indepth Consulting Services,5-15 years,"Bengaluru / Bangalore, Chennai",Looking for Freelancer / part time Trainers for  Java for a MNC.
601,TQuanta Technologies Private Limited,5-10 years,Chennai,Java Developer
602,True Tech Solutions,4-14 years,Chennai,Looking for  Java Candidate _Hexaware_Chennai
603,Magna,6-15 years,Chennai,Looking for  Java Developer / Loc:Chennai / Exp:6+ Yrs
604,Rivi Consultancy Services Private Limited,8-10 years,"Chennai, Hyderabad / Secunderabad",Java Developer of relevant 6 years experience
605,Future Focus Infotech Limited,3-5 years,Chennai,"Java Developer Hiring for Merit Group UK, 3-5 years, Chennai"
606,The Depository Trust & clearing Corporation,,,Engineering Manager
607,Synechron Technologies Private Limited,5-11 years,Chennai,Spark  Java Developer
608,Sainora Infotech Private Limited,0-1 years,Chennai,Java Developer
609,Brain Management Consultants India Private Limited,4-5 years,"Bengaluru / Bangalore, Chennai",Immediate Openings for  Java Developer Chennai Location
610,IT-Scient Consulting Private Limited,5-8 years,"Bengaluru / Bangalore, Chennai",Java Developer
611,Busisol Sourcing India Private Limited,1-2 years,Chennai,Java Developer
612,Visual IT Solutions Private Limited,4-7 years,Chennai,Java Developer
613,Anlage Infotech India Private Limited,3-12 years,"Bengaluru / Bangalore, Chennai",Java Developer with Experience into Spring MVC RESTful Webservices Multithreading Algorithms etc
614,Confidential,2-12 years,"Chennai, Pune","Software Developer, Software Programmer"
615,Winvest Technology Consultancy Services Private Limited,1-2 years,"Chennai, Mumbai",Java Developers
616,Roljobs Technology Services Private Limited,4-6 years,Chennai,Product Developer ( Java)
617,Synechron Technologies Private Limited,5-15 years,Chennai,Job Opportunity_Java and Spark Developer_Synechron
618,Synechron Technologies Private Limited,4-10 years,"Chennai, Pune",Onsite Opportunity ::  Java Developer :: Synechron
619,Infomatics Software Solutions India Pvt Ltd.,6-12 years,"Chennai, Pune",Core Java Lead for a Captive firm with 6-11 Years-Chennai & Pune-Permanent
620,Dun And Bradstreet Technologies And Data Services Private Limited,3-7 years,Chennai,Implementation Consultant
621,TechEra IT Consulting Private Limited,6-13 years,Chennai,System Integration Lead
622,aconixinfotech,0-1 years,"Chennai, Hyderabad / Secunderabad",Software Developer Software Engineer
623,Techcee Staffing Solutions Private Limited,4-9 years,Chennai,Team Lead
624,Live Connections,5-8 years,Chennai,Java Technical Specialist
625,Morgenall Management Consultant Pvt Ltd,8-11 years,Chennai,Sr. Technical Lead / 8 - 11 Years / Chennai
626,Sainora Infotech Private Limited,0-2 years,Chennai,Java Developer
627,Flexi Careers India Private Limited,10-12 years,Chennai,Hybris lead
628,Business Arts India Private Limited,6-8 years,"Chennai, Kolkata",Java Developer  Java
629,Techcee Staffing Solutions Private Limited,4-8 years,Chennai,JAVA TECH LEAD
630,Live Connections,3-8 years,"Bengaluru / Bangalore, Chennai","Excellent Opportunity for  Java, J2ee Professionals"
631,Rage Communications Private Limited,1-6 years,Chennai,""" JAVA Developer / Senior  JAVA Developer"""
632,IT Business Management Solutions India Private Limited,1-3 years,Chennai,Job Opening for .Net MVC Trainer - Chennai
633,Roljobs Technology Services Private Limited,4-6 years,Chennai,Product Developer - Chennai
634,Indepth Consulting Services,5-15 years,"Bengaluru / Bangalore, Chennai",Hiring for Freelancer / part time Trainers for  Java(JMeter) for a MNC Client.
635,CareerNet Technologies Private Limited,3-4 years,Chennai,"Integration Developer ( Java and Web Services, IT Product Development Company)"
636,Technogen India Private Limited,2-6 years,Chennai,Full Stack Developer
637,Rivi Consultancy Services Private Limited,6-9 years,"Chennai, Hyderabad / Secunderabad",Senior  Java Developer
638,Techcee Staffing Solutions Private Limited,4-9 years,Chennai,SOFTARE ENGINEER
639,Fiserv India Private Limited,2-8 years,Chennai,"Java Developer for Banking product company, 2 - 8 Years, Chennai"
640,Magna,4-9 years,Chennai,"Looking for  Java Developer for Syntel, Chennai location"
641,Enlighted Energy Systems Private Limited,,,Software Engineer - Quality Engineering
642,Placenet Consultants Private Limited,6-12 years,Chennai,Performance Engineer
643,Confidential,5-10 years,Chennai,Sr  Java Developer -Chennai
644,Ms Techminds IT Offshore Services Private Limited,6-15 years,Chennai,Senior  Java Team Lead
645,HTC Global Services (India) Private Limited,4-10 years,Chennai,Java Developer
646,PGS One Consultancy,5-8 years,"Bengaluru / Bangalore, Chennai",Java Developer ( 5 to 8 yrs)
647,Winvest Technology Consultancy Services Private Limited,12-20 years,Chennai,openings in  Java /  J2EE stack
648,VCentric Technologies Private Limited,6-10 years,Chennai,Full stack  Java Web Application Developer
649,Saksoft Limited,3-6 years,Chennai,Java Developer
650,Born Commerce Private Limited,8-13 years,Chennai,BORN - Digital eCommerce Giant Hiring for  Java Expert
651,Congruent Info-Tech Private Limited,8-10 years,Chennai,Senior  Java Developer
652,Magna Infotech Limited,3-8 years,Chennai,Java developer Job Openings
653,KNA Consulting Services,2-3 years,Chennai,Java Developer
654,Shell IT Services,4-6 years,Chennai,Team Leader -  JAVA
655,Cynosure Corporate Solutions,,,Cloud Architect(10+yrs)
656,Cynosure Corporate Solutions,10-20 years,Chennai,Cloud Architect
657,Career Tree HR Solutions Private Limited,4-6 years,Chennai,Software Developer
658,Samrddhi Consultancy Services Opc Private Limited,5-10 years,Chennai,Java /  J2EE + PL / SQL Developer
659,Samrddhi Consultancy Services Opc Private Limited,6-16 years,Chennai,FullStack Developer
660,Larsen & Toubro Infotech  Ltd.,3-5 years,Chennai,Selenium Automation  Java
661,Larsen & Toubro Infotech  Ltd.,,,Full Stack Developer -  Java
662,Larsen & Toubro Infotech  Ltd.,4-6 years,Chennai,Selenium Automation  Java
663,Studys Professional Foundation,0-0 years,"Chennai, Nellore",Fee based Internship live project on Software / Electronics
664,Hir Corp Solutions Private Limited,2-4 years,Chennai,Full Stack Developer
665,Sunline Greensystem Private Limited,0-5 years,"Chennai, Mysore",Java Developer & Asp.Net walk in Interview
666,Uday Consults LLP,4-8 years,Chennai,Java Developer .Net Developer iOS developer
667,Test Leaf Solutions Inc,7-10 years,Chennai,Java Architect
668,Gits Recruitment Private Limited,3-7 years,Chennai,Java Developer!!
669,Shell IT Services,4-6 years,Chennai,Java Developer - Immeadiate joinee
670,Asap Info Systems Private Limited,2-5 years,"Bengaluru / Bangalore, Chennai",Immediate contract to hiring opening for  Java developer with Top Leading MNC's in Bangalore
671,Sainora Infotech Private Limited,1-6 years,Chennai,Job opening for  Java Trainer in Anna Nagar
672,TATA Consultancy Services Ltd.,2-5 years,Chennai,"TCS BPS hiring  Java professionals, Walk- in on Thursday & Friday (14th & 15th Dec 2017) @ Spencer’s."
673,Busisol Sourcing India Private Limited,2-6 years,Chennai,""" Java Developer"""
674,Resource Access Management Solutions Private Limited,8-12 years,Chennai,Urgent Opening for Senior Manager  JAVA :Chennai
675,Photon Interactive Private limited,8-13 years,Chennai,Cloud Migration - SAP specialist
676,Professionals Inc,0-5 years,"Chennai, Kolkata",Unix Junior administrator
677,Professionals Inc,0-5 years,"Chennai, Kolkata",Unix Junior administrator
678,Professionals Inc,0-5 years,"Chennai, Kolkata",Unix Junior administrator
679,Rage Communications Private Limited,8-10 years,Chennai,AEM Architect
680,Smart Move Career Consultants,2-7 years,Chennai,Software Engineer
681,Optimum InfoSystem Private Limited,8-18 years,Chennai,"Walk-in for AVP and VP On 9th Dec 2017 @ Optimum InfoSystem, Mumbai and Gurgaon"
682,Jag Bros Consultants Private Limited,2-5 years,"Bengaluru / Bangalore, Chennai",.Net Developer
683,Ooyala India Private Limited,5-10 years,Chennai,Software Development Engineer in Test / SDET
684,Congruent Info-Tech Private Limited,5-8 years,Chennai,SQL Database Administrator
685,Roljobs Technology Services Private Limited,3-6 years,Chennai,Product Developer - Chennai
686,Roljobs Technology Services Private Limited,3-6 years,Chennai,Platform Engineer - Chennai
687,Magna Infotech Limited,5-10 years,Chennai,"Corejava(JDK1.5+) /  J2EE(EJB, JDBC) for Chennai location!!Full Time"
688,Infosight Software And Consulting Services Private Limited,5-8 years,"Chennai, Pune","Camunda, java, rest, REST, scripting, Scripting, BPMN, Mysql, mysql, MYSQL, Mongo DB, junit, Jenkins, GIT, git"
689,Magna Infotech Limited,4-8 years,Chennai,java developer job openings chennai-C2H
690,Winvest Technology Consultancy Services Private Limited,10-16 years,Chennai,Java Architect
691,Shriram Value Services Private Limited,4-8 years,Chennai,TECH LEADS – ORACLE /  Java platform
692,Magna Infotech Limited,5-10 years,"Bengaluru / Bangalore, Chennai","java, spring hibernate job openings in chennai & bangalore"
693,Sampoorna Computer People,4-6 years,Chennai,Java Developer (Job Code : J38890)
694,Sydata Consulting India Private Limited,5-8 years,Chennai,Technical Leader for WSO2 ESB
695,Busisol Sourcing India Private Limited,3-5 years,Chennai,Opening for  Java Developer in Chennai
696,Asap Info Systems Private Limited,3-5 years,Chennai,Immediate contract to hiring opening for  Java Developer with Top Leading MNC's in Bangalore
697,Best way HR solutions,,,Urgent Requirement - Manager – E Commerce
698,Sunline Greensystem Private Limited,0-5 years,"Chennai, Mysore",Java Developer & Asp.Net walk in Interview
699,Larsen & Toubro Limited ,14-16 years,Chennai,"Engg SME-Enterprise Arch, CCC & ESB"
700,Larsen & Toubro Limited ,18-20 years,Chennai,Ops Engg lead - (Application Integration / DC / CCC)
701,Larsen & Toubro Limited ,15-21 years,Chennai,Solution Engineering ( Enterprise Arch) Smart City
702,Live Connections,0-5 years,"Chennai, Pune","""Senior Application Developer trainee"""
703,Optimum Recruitment Services,5-15 years,Chennai,URGENT OPENING for  Java Spark Profile .
704,Iris Technologies,0-0 years,Chennai,Java Developer
705,FIS Global Business Solutions India Private Limited,4-6 years,Chennai,Java Developer with Web services :: Hiring @ FIS Global :: Chennai Location :: 15 - 20 days joinee
706,Busisol Sourcing India Private Limited,2-6 years,Chennai,Java Developer
707,Roljobs Technology Services Private Limited,6-12 years,Chennai,Lead Platform Engineer
708,CSC India,4-6 years,Chennai,Java Developer
709,Sainora Infotech Private Limited,0-2 years,Chennai,Java Developer
710,IT-Scient Consulting Private Limited,4-10 years,"Bengaluru / Bangalore, Chennai",Java Developer
711,Winvest Technology Consultancy Services Private Limited,8-16 years,Chennai,Senior  Java Position
712,Winvest Technology Consultancy Services Private Limited,8-16 years,Chennai,Senior  Java Position
713,Jag Bros Consultants Private Limited,,,Software Specialist
714,TECHS TO SUIT INC,5-10 years,"Chennai, Mumbai","Java, Mongodb, Airlines Cargo Domain"
715,Han Digital Solution Private Limited,4-9 years,Chennai,Java Developer
716,Talent Team Hr Solutions,5-8 years,Chennai,Java Lead
717,Saksoft Limited,4-8 years,Chennai,Java developer for Chennai location !!!!! Immediate joinees preferred !!!!
718,Acceleration Staffing and Vendor Management India Private Limited,4-10 years,Chennai,Full Stack Developer
719,Confidential,0-4 years,"Chennai, Gurgaon",C Sharp Dot Net
720,Jag Bros Consultants Private Limited,0-4 years,"Bengaluru / Bangalore, Chennai",Associate Software Engineer
721,Sampoorna Computer People,2-7 years,Chennai,AM / DM / Manager -  Java Development (Job Code : J38923)
722,Kosoft Solutions,10-15 years,Chennai,Greetings from KoSoft solutions!!! Immediate opening for Manager - Data Science
723,Rage Communications Private Limited,3-8 years,Chennai,"Technical Project Manager"""
724,Han Digital Solution Private Limited,10-16 years,"Bengaluru / Bangalore, Chennai",IOT Solution-architect
725,Swasthik Hr Consulting,5-7 years,Chennai,Mobile Application Developer
726,Jag Bros Consultants Private Limited,1-4 years,"Chennai, Hyderabad / Secunderabad",Web Developer
727,Jag Bros Consultants Private Limited,,,C Language Developer
728,Confidential,,,C Language Developer
729,Confidential,0-4 years,"Chennai, Gurgaon",C-Sharp-Dot-Net (0-4yrs)
730,Busisol Sourcing India Private Limited,3-7 years,Chennai,"Java Developer, chennai"
731,Technogen India Private Limited,6-11 years,Chennai,Java Developer(Full Stack)-Chennai
732,Staffinity Solutions LLP,6-15 years,Chennai,Full Stack Developer
733,Compass Consultancy,2-5 years,Chennai,Java Developer
734,CareerNet Technologies Private Limited,3-4 years,Chennai,Job | Integration Developer |  Java | IT Product Development Company | Chennai
735,Rmade Technologies Private Limited,2-4 years,Chennai,URGENT RECRUITMENT FOR LEAD  JAVA DEVELOPER
736,Xcel Hires Management Solutions Private Limited,4-9 years,Chennai,"Java, Angular JS / 2 / 4"
737,Pearlsoft Technology,2-12 years,Chennai,iOS / XAMARIN App Developers Wanted
738,Samrddhi Consultancy Services Opc Private Limited,10-15 years,Chennai,Python Architect
739,Iris Technologies,0-0 years,Chennai,Software Developer  Java / Dot Net / PHP
740,Crossover LLC,5-10 years,"Chennai, Delhi","VP of Technical Product Management $200, 000 USD Per Year"
741,Sampoorna Computer People,2-4 years,Chennai,Software Engineer - Innovation Labs (Job Code : J38961)
742,Adarsh Ventures,7-10 years,Chennai,Software Architect
743,Technogen India Private Limited,17-25 years,Chennai,Senior Technical Architect -Technogen
744,Technogen India Private Limited,17-25 years,Chennai,Senior Technical Architect-Technogen
745,Confidential,1-4 years,Chennai,IT Trainer - Android / PHP /  Java / ML Full-time
746,BR Raysoft Tech Private Limited,5-10 years,Chennai,Java /  J2EE Developer || 5-6 yrs || Chennai || Cmmlevel Company
747,Samrddhi Consultancy Services Opc Private Limited,6-16 years,Chennai,FullStack Developer
748,Vishist Business Solutions Private Limited,5-6 years,Chennai,Full Stack Developer
749,Capgemini Technology Services India Ltd,3-7 years,Chennai,Walk-in Interview -  Java Developer - Capgemini Chennai on 17th Feb 2018
750,Best way HR solutions,3-4 years,Chennai,Android Developer (3 to 4 Years exp) at Chennai
751,Smart Move Career Consultants,2-7 years,Chennai,Grand Opening For Arts Graduates in .Net / Mainframe /  Java / Unix / Technical Support for Productio
752,Leadersource Consulting LLP,5-15 years,Chennai,"Full Stack Developer, Location: Chennai, Exp: 5-19 yrs, Need from Product based companies candidates"
753,NexWave Talent Management Solutions Private Limited,4-8 years,Chennai,C2H |  Java Developers | Chennai
754,NexWave Talent Management Solutions Private Limited,4-9 years,Chennai,Java Developer
755,Magna Infotech Limited,4-7 years,Chennai,Java developer job openings chennai Location
756,Mancer Consulting Services Private Limited,7-12 years,Chennai,Data Warehouse & Business Intelligence
757,Thinkinfinity Technology And Consulting Private Limited,6-11 years,Chennai,Junior Architect -  Java
758,TQuanta Technologies Private Limited,4-9 years,Chennai,Java Developer
759,Crossover LLC,5-10 years,"Chennai, Delhi","VP of Technical Product Management $200, 000 USD Per Year"
760,Crossover LLC,5-10 years,"Bengaluru / Bangalore, Chennai","Senior Vice President of Technical Product Management $400, 000 USD Per Year"
761,Asap Info Systems Private Limited,3-5 years,Chennai,Immediate contract to hiring opening for  Java with Top Leading MNC's in Bangalore
762,Creeno Solutions Private Limited,5-8 years,Chennai,Java developer
763,Centraprise IT Solutions Private Limited,10-15 years,Chennai,"we are looking for Technical Lead_C2h_MNC_MCity, Chennai"
764,Net Employment Services Private Limited,5-21 years,"Bengaluru / Bangalore, Chennai",Java Developer
765,PSW global Solutions,0-0 years,Chennai,Few Openings for CSE / IT Graduates in Leading MNC
766,UX Business Solutions Private Limited,2-5 years,Chennai,IoT / IoT Developer / IoT Engineer / Internet of things Developer / IoT Software Developer
767,Ontoborn Technologies LLC,1-3 years,Chennai,Software Developer & Tester
768,Busisol Sourcing India Private Limited,3-7 years,Chennai,Dot Net Developer - Contract Position -thane -mumbai
769,Magna Infotech Limited,4-7 years,"Chennai, Pune",JAVA with Angualr js job openings Pune
770,TATA Consultancy Services Ltd.,2-5 years,Chennai,"TCS BPS hiring Technology professionals, Walk- in on Wed & Thurs 24th & 25th Jan 2018@ Spencer’s."
771,Vishist Business Solutions Private Limited,3-5 years,"Chennai, Hyderabad / Secunderabad",Java Developer
772,Esd Caddcamm Solutions,2-3 years,Chennai,Hiring For  Java Developer
773,Han Digital Solution Private Limited,10-18 years,"Bengaluru / Bangalore, Chennai",AWS Architect
774,Dun And Bradstreet Technologies And Data Services Private Limited,3-5 years,Chennai,Developer / Sr.Developer / Lead - Support
775,Morgenall Management Consultant Pvt Ltd,3-5 years,Chennai,Java Developer
776,PSW global Solutions,0-0 years,"Bengaluru / Bangalore, Chennai",Urgent Requirement for  Java & Dot Net Developer
777,Dhruv Consulting Services,1-3 years,Chennai,TIBCO /  Java Application Production Support
778,Techgallore,5-10 years,Chennai,Opening for QA - Automation Testing with AWS Lambda
779,Spot It Solutions Private Limited,0-2 years,Chennai,Immediate Opening for PHP Developers / Code lgniter Framework
780,Libsys IT Services Private Limited,3-9 years,"Bengaluru / Bangalore, Chennai",HW Design engineer
781,Vishist Business Solutions Private Limited,5-7 years,Chennai,Java OR  J2EE
782,Career Axes Engineering Services,3-10 years,"Bengaluru / Bangalore, Chennai",we are hiring software Engineers
783,Eye on Hire,4-9 years,Chennai,Java Developer-On Contract
784,O2F Info Solutions Private Limited,4-10 years,Chennai,Java Developer
785,Sampoorna Computer People,2-5 years,Chennai,Java Developer (Job Code : J38966)
786,Kosoft Solutions,5-10 years,Chennai,Immediate opening for FileNet & IBM Content Navigator(ICN) Developer
787,Attitude Global Services,0-1 years,Chennai,JAVA DEVELOPER
788,CareerNet Technologies Private Limited,5-9 years,"Chennai, Hyderabad / Secunderabad","Java developer job @ Chennai, Bangalore, Kolkata & Hyderabad"
789,Astriya Solutions Private Limited,4-6 years,Chennai,Immediate  Java Developer can join immediate
790,Capgemini Technology Services India Limited,3-7 years,Chennai,Walk-in Interview -  Java Developer - Capgemini Chennai on 3rd March’2018
791,TATA Consultancy Services Ltd.,2-5 years,Chennai,"TCS BPS hiring Technology professionals, Walk- in on Fri & Sat 2nd & 3rd Feb 2018@ Spencer’s."
792,Capgemini Technology Services India Limited,4-10 years,Chennai,Walk-in Interview – Java Developer -Capgemini Chennai on 4th March’2018
793,Best way HR solutions,2-10 years,Chennai,"Urgent Requirement - Software Architect -Angular JS, Node JS, Java"
794,Media Concepts Consulting Private Limited,4-10 years,Chennai,Java Developer (Immediate)
795,Flexi Careers India Private Limited,12-16 years,Chennai,Senior Manager -  Java
796,Global Serve Solutions,3-8 years,Chennai,Urgent requirement for  Java Developer-Chennai-CTC upto 8L-Immediate joiners are preferred
797,The Depository Trust & clearing Corporation,8-13 years,Chennai,Senior Software Engineer
798,The Depository Trust & clearing Corporation,8-12 years,Chennai,Senior Software Engineer
799,The Depository Trust & clearing Corporation,8-13 years,Chennai,Software Engineer
800,The Depository Trust & clearing Corporation,8-13 years,Chennai,Principal Software Engineer
801,The Depository Trust & clearing Corporation,6-11 years,Chennai,Senior Software Engineer
802,The Depository Trust & clearing Corporation,8-13 years,Chennai,Lead Big Data Developer
803,The Depository Trust & clearing Corporation,8-13 years,Chennai,Senior Software Engineer - 1 Opening(s)
804,The Depository Trust & clearing Corporation,8-12 years,Chennai,Senior Software Engineer - 1 Opening(s)
805,TATA Consultancy Services Ltd.,2-5 years,Chennai,"TCS BPS hiring Technology professionals, Walk- in on Fri & Sat 2nd & 3rd Feb 2018@ Spencer’s."
806,Arche Softronix Private Limited,5-12 years,Chennai,Java Sr. / Lead / Architect Multiple Roles
807,Optimum InfoSystem Private Limited,8-10 years,Chennai,Application Development Manager
808,Sysvine Technologies Private Limited,4-6 years,Chennai,Senior Software Engineer -  J2EE
809,ConverseHR Business Solutions Private Limited,2-5 years,Chennai,Java Developer - Chennai (Chrompet)
810,PSW global Solutions,0-0 years,"Bengaluru / Bangalore, Chennai",Openings for CSE / IT Graduates in MNC
811,Sharp Gaze Tech Services Private Limited,3-5 years,Chennai,Jr.Developer
812,Sainora Infotech Private Limited,0-1 years,Chennai,PL / SQL Developer
813,Scorg International Consulting Private Limited,4-8 years,Chennai,JAVA
814,BR Raysoft Tech Private Limited,7-17 years,"Bengaluru / Bangalore, Chennai",Java Senior DVPR BAN 15 FEB 18
815,Magna Infotech Limited,3-6 years,Chennai,Java developer interview on 14th feb C2H mode
816,Samrddhi Consultancy Services Opc Private Limited,7-12 years,Chennai,Java+Hadoop+Javascript
817,Raqmiyat Information Technology Private Limited,2-6 years,Chennai,Java developer
818,Raqmiyat Information Technology Private Limited,2-6 years,Chennai,Java developer
819,Perficient India,3-7 years,Chennai,UI Developer
820,Sampoorna Computer People,4-9 years,Chennai,SAD / TL / PL- Java (Job Code : J39126)
821,Confidential,3-5 years,Chennai,Software Engineer / Programmer /  Java Developer
822,Flexi Careers India Private Limited,4-9 years,Chennai,Java Developer-Bangalore-NS1
823,Confidential,0-5 years,"Bengaluru / Bangalore, Chennai",Java Developer & Asp.Net walk in Interview
824,Job World India private Limited,3-5 years,Chennai,Sr.Java Developer with Spring Boot
825,Data Software Research Company Private Limited,5-8 years,Chennai,Opportunity for  Java Professionals
826,Future Focus Infotech Limited,2-6 years,"Bengaluru / Bangalore, Chennai",Java Developer
827,SP Staffing Services Private Limited,5-9 years,Chennai,Senior  Java Developer !!!
828,P3 Synergy Consulting,7-10 years,"Chennai, Madurai",Project Lead – Python;  J2EE
829,Samridha Groups,3-6 years,Chennai,AWS  Java
830,eHelium Advisory Services Private Limited,3-8 years,Chennai,Java Developer
831,Magna Infotech Limited,3-5 years,Chennai,Java developer Job openings c2h in chennai Location 25 interview
832,Klaus It Solutions Private Limited,6-8 years,Chennai,Immediate opening for Mobile Apps Automation Engineer for an MNC Client In CHENNAI Location
833,Confidential,0-5 years,"Ahmedabad, Chennai",Java Developer & Asp.Net walk in Interview
834,TATA Consultancy Services Ltd.,2-5 years,Chennai,"TCS BPS hiring Technology professionals, Walk- in on Wed & Thurs 14th & 15th Feb 2018@ Spencer’s."
835,SP Staffing Services Private Limited,4-7 years,Chennai,Java with JBPM developer !!!
836,Proedge Skill Development And Edutech Private Limited,7-10 years,Chennai,Job Opportunity-  Java Developer-SringBoot
837,Astriya Solutions Private Limited,4-6 years,Chennai,"EAI technologies like Azure Logic APP Biz Talk Server Web Services, Java, REST and SOAP web services"
838,Job World India private Limited,3-7 years,Chennai,java developer _immediate joinee
839,Roljobs Technology Services Private Limited,7-16 years,Chennai,Engineering Manager
840,Cognizant Technology Solutions India Pvt Ltd,3-9 years,"Chennai, Coimbatore",Associate / Senior Associate
841,Fiserv India Private Limited,5-7 years,Chennai,System Administrator - Weblogic
842,Kosoft Solutions,5-8 years,Chennai,Greetings from KoSoft solutions!! Immediate Openings for Senior Developer -  Java
843,PSW global Solutions,0-0 years,Chennai,Recruitment for BE / BTECH Graduates in IT Sector
844,Resource Weaver HR Consulting Private Limited,2-4 years,Chennai,Hiring Test Bench Development Engineer
845,Samridha Groups,3-8 years,Chennai,AWS Cloud
846,Aditech IT & Consultancy Services Private Limited,4-9 years,"Chennai, Kolkata",Sr. Artificial Intelligence Machine Learning
847,Aditech IT & Consultancy Services Private Limited,1-5 years,"Chennai, Kolkata",Jr.Artificial Intelligence Machine Learning.
848,Kaarya Consulting Services Private Limited,6-13 years,Chennai,Immediate oppurtunity for  Java Developer
849,Accord HR Services Private Limited,,,Frontend Developer
850,Busisol Sourcing India Private Limited,4-8 years,Chennai,Senior  Java Developer
851,Bharat Headhunters,4-14 years,"Bengaluru / Bangalore, Chennai",Java with Akka framework
852,Roljobs Technology Services Private Limited,7-15 years,Chennai,Engineering Manager
853,True Tech Solutions,1-5 years,Chennai,Software Engineer Software Developer
854,Buzzworks Business Services Private Limited,3-6 years,Chennai,Java Developer
855,Dhruv Consulting Services,5-7 years,Chennai,"java, angular 2"
856,eHelium Advisory Services Private Limited,4-6 years,Chennai,Software Engineer
857,Indepth Consulting Services,2-10 years,"Chennai, Hyderabad / Secunderabad",Looking for Angular JS / Node JS / Ext JS Developers with  Java Background - Part time
858,Samridha Groups,3-7 years,Chennai,Java Developer
859,The Depository Trust & clearing Corporation,,,Senior Software Engineer
860,Adarsh Ventures,,,Product Specialist / Technical Support Engineer
861,Saransh Software Solutions Private Limited,3-8 years,"Chennai, Pune",Java Lead
862,Flexi Careers India Private Limited,4-10 years,"Bengaluru / Bangalore, Chennai",Java Developer-Bangalore & Chennai - NS1
863,Eye on Hire,,,Software Engineer -  Java Developer
864,Kosoft Solutions,2-3 years,Chennai,Immediate opening for IBM Forms Experience Builder Developer
865,Kosoft Solutions,5-8 years,Chennai,Immediate opening for AngularJs- UI Developer
866,Ms Techminds IT Offshore Services Private Limited,7-12 years,Chennai,Java Technical Engineer
867,Talenture Management Consulting,2-5 years,Chennai,Software Developer-  Java- Chennai
868,Brain Management Consultants India Private Limited,5-8 years,Chennai,Regarding job opportunities for Top MNC
869,Busisol Sourcing India Private Limited,4-7 years,Chennai,Java Developer
870,Vishist Business Solutions Private Limited,5-6 years,Chennai,Java Developer
871,Supreme Netsoft Private Limited,5-10 years,Chennai,Hiring for Senior Automation Tester (Selenium + Cucumber)
872,Vipany Management Consulting Private Limited,5-10 years,Chennai,Immediate Openings For Full stack  Java in MNC at Chennai
873,TATA Consultancy Services Ltd.,2-5 years,Chennai,"TCS BPS hiring Technology professionals, Walk- in on Saturday 24th Feb 2018@ Spencer’s."
874,Cloud Axis Technologies,2-3 years,Chennai,Software Developer –  JAVA ( 2 – 3 YRS )
875,Skiller,6-10 years,"Bengaluru / Bangalore, Chennai",full stack engineer
876,SP Staffing Services Private Limited,,,Windchill Customization ta Pune / Chennai
877,JPA Solutions,3-5 years,Chennai,Jobs in Japan
878,Global Serve Solutions,3-8 years,Chennai,Openings for Support Engineer-Chennai-Immediate joiners are preferred-CTC Upto 8L
879,Scintel Technologies Private Limited,6-10 years,Chennai,Java Developer Needed @ Chennai
880,Samridha Groups,3-7 years,Chennai,Java Developer
881,PSW global Solutions,0-1 years,Chennai,Need BE / B.TECH (EEE / ECE) Graduates in Manufacturing Industries and Software
882,Roljobs Technology Services Private Limited,3-5 years,Chennai,Senior Platform Engineer
883,BR Raysoft Tech Private Limited,6-11 years,Chennai,12 MONTHS C2H -  JAVA PLATFORM WITH DEV OPS EXP - CHENNAI
884,Samridha Groups,6-10 years,Chennai,AWS Lead Testing  Java
885,Bigtapp India Private Limited,4-7 years,Chennai,Sr Big Data Developer -  Java
886,BR Raysoft Tech Private Limited,4-9 years,Chennai,Java Developers 6 Month C2H 13 MAR 18
887,Roljobs Technology Services Private Limited,4-6 years,Chennai,Product Developer (C++ /  Java / Ruby / Nod.JS)
888,Roljobs Technology Services Private Limited,4-6 years,Chennai,Java Developer
889,Winvest Technology Consultancy Services Private Limited,10-20 years,"Bengaluru / Bangalore, Chennai",Hiring API Technical Lead
890,Cognizant Technology Solutions India Pvt Ltd,3-6 years,Chennai,Associate
891,Cognizant Technology Solutions India Pvt Ltd,6-9 years,Chennai,Senior Associate
892,American Megatrends India Private Limited,3-5 years,Chennai,Senor System Software Engineer / Module Lead
893,Magna Infotech Limited,,,Selenium testing+ Java Job openings chennai C2H mode
894,Golden Opportunities Private Limited,2-5 years,Chennai,Production Support -  JAVA (Chennai)
895,Career International,7-12 years,Chennai,Java Hybris Lead / Architect
896,True Tech Solutions,4-8 years,Chennai,Job Opportunity With Hexaware_Chennai
897,Techskills Career Services,4-10 years,Chennai,Software engineer / Stack Developer (  Java ) - Kandanchavadi
898,DeeVita Technologies India Private Limited,,,Senior AWS Data Engineer
899,Roljobs Technology Services Private Limited,4-6 years,Chennai,Product Engineer
900,Sysvine Technologies Private Limited,0-2 years,Chennai,Software Engineer Level - I
901,BR Raysoft Tech Private Limited,5-10 years,Chennai,12 MONTHS C2H -  JAVA DEVELOPER WITH DEVOPS EXP - CHENNAI
902,BrainTreeHR Consulting Private Limited,10-17 years,Chennai,Cloud Architect - AWS /  / Chennai
903,Ooyala India Private Limited,4-9 years,Chennai,Senior Software Engineer ( Java) - Media Logistics & Platform
904,Sampoorna Computer People,,,Java Team Lead (Job Code : J39219)
905,Career Seive.com,5-9 years,"Bengaluru / Bangalore, Chennai",Senior  Java Developers - Chennai
906,Career Seive.com,5-9 years,"Bengaluru / Bangalore, Chennai",Senior  Java Developers - Chennai
907,Cloud Axis Technologies,2-4 years,Chennai,Cloud Axis Technologies recruits Team Lead for its Client project
908,Ms Techminds IT Offshore Services Private Limited,5-9 years,Chennai,C / C++ /  Java Developers
909,Sharp Business Solutions,10-15 years,Chennai,ADOBE CQ5 / AEM Technical Architect @ Chennai
910,Kaizen SRA Technologies Private Limited,2-7 years,Chennai,Developer- Java with centrify
911,CSS Corp Private Limited,5-12 years,Chennai,Java Lead with AWS clouding
912,Esd Caddcamm Solutions,4-7 years,Chennai,Android Developer
913,KLA-Tencor,2-4 years,Chennai,Java Software Engineer
914,SP Staffing Services Private Limited,4-9 years,Chennai,Job opportunity for  JAVA with MNC IT Industry - Female can apply
915,Excel Consultancy,,,Team Leader - Python Developer - Software Company
916,Magna Infotech Limited,3-9 years,Chennai,Urgent openings for  JAVA _chennai Location
917,Aditech IT & Consultancy Services Private Limited,4-9 years,"Bengaluru / Bangalore, Chennai",Hiring Machine Learning Engineer @ Bangalore for our MNC Client
918,Radial HR Solutions,6-10 years,Chennai,J2EE Developer
919,Altimetrik India Private Limited,6-11 years,Chennai,Bigdata Specialist
920,Sysvine Technologies Private Limited,0-0 years,Chennai,Software Engineer Level - I
921,PENNANT TECHNOLOGIES PVT LTD,,,Project Manager IT Software-BFSI Domain @ chennai
922,Ms Techminds IT Offshore Services Private Limited,3-6 years,Chennai,Big Data Engineers
923,FIS Global Business Solutions India Private Limited,5-10 years,Chennai,"C++, Java, UNIX with FIS Software Datanavigator - Chennai"
924,Mississippi Consultants LLP,4-8 years,"Chennai, Mumbai",Big Data Developer (Spark with  Java Expert) @ Pune / Mumbai / Chennai
925,Everest Consulting Group India Private Limited,1-2 years,Chennai,Immediate Requirement for junior  java developer for Chenni location .
926,Career Tree HR Solutions Private Limited,4-6 years,Chennai,"Hiring for  JAVA, PHP, Developer"
